,ticker,mon_date,mon_open,mon_close,mon_adj_close,mon_low,mon_high,mon_volume,fri_date,fri_open,fri_close,fri_adj_close,fri_low,fri_high,fri_volume,Season
0,1301,2001-10-29,1410.0,1410.0,1030.36083984375,1400.0,1420.0,10000.0,2001-03-30,1520.0,1480.0,1081.5137939453125,1480.0,1540.0,22500.0,Fall
1,1301,2002-10-28,1000.0,1000.0,746.30029296875,980.0,1000.0,15600.0,2001-10-26,1420.0,1400.0,1023.05322265625,1400.0,1440.0,25800.0,Fall
2,1301,2003-10-27,1670.0,1690.0,1301.93310546875,1660.0,1720.0,52600.0,2002-04-05,1450.0,1450.0,1082.1356201171875,1430.0,1460.0,10300.0,Fall
3,1301,2004-11-01,1990.0,2000.0,1572.1929931640625,1980.0,2020.0,42100.0,2002-10-25,980.0,1000.0,746.30029296875,980.0,1000.0,30400.0,Fall
4,1301,2005-10-31,2780.0,2790.0,2193.208984375,2770.0,2810.0,104600.0,2003-04-04,1210.0,1240.0,955.2644653320312,1210.0,1250.0,26700.0,Fall
5,1301,2006-10-30,2480.0,2450.0,1925.9364013671875,2450.0,2490.0,35000.0,2003-10-24,1750.0,1670.0,1286.525390625,1670.0,1790.0,106300.0,Fall
6,1301,2007-11-05,2060.0,2040.0,1638.8814697265625,2030.0,2080.0,13600.0,2004-04-02,1940.0,1960.0,1540.7490234375,1940.0,1960.0,49000.0,Fall
7,1301,2009-11-02,1830.0,1840.0,1478.206787109375,1830.0,1840.0,12500.0,2004-10-29,2000.0,1990.0,1564.33203125,1970.0,2010.0,60600.0,Fall
8,1301,2010-11-08,1660.0,1650.0,1357.430419921875,1640.0,1660.0,25300.0,2005-04-01,2340.0,2300.0,1808.02197265625,2290.0,2350.0,80900.0,Fall
9,1301,2011-11-07,1750.0,1760.0,1487.48681640625,1730.0,1760.0,6500.0,2005-10-28,2760.0,2740.0,2153.904052734375,2730.0,2770.0,73300.0,Fall
10,1301,2012-11-05,1760.0,1770.0,1532.424560546875,1760.0,1770.0,10300.0,2006-03-31,3030.0,3020.0,2374.011474609375,3000.0,3030.0,32800.0,Fall
11,1301,2015-11-02,2620.0,2610.0,2393.720703125,2610.0,2640.0,14900.0,2006-10-27,2500.0,2480.0,1949.5194091796875,2480.0,2510.0,18100.0,Fall
12,1301,2016-11-07,2697.0,2633.0,2460.37744140625,2630.0,2697.0,39900.0,2007-03-09,2780.0,2760.0,2169.62646484375,2760.0,2790.0,67700.0,Fall
13,1301,2017-11-06,3655.0,3850.0,3609.175537109375,3655.0,3900.0,142800.0,2007-11-02,2050.0,2090.0,1679.050048828125,2040.0,2100.0,12600.0,Fall
14,1301,2018-11-05,3100.0,3025.0,2879.74658203125,3015.0,3100.0,38500.0,2008-03-07,1790.0,1780.0,1430.00439453125,1780.0,1790.0,19900.0,Fall
15,1301,2020-11-02,2743.0,2767.0,2767.0,2731.0,2767.0,15100.0,2009-03-06,1830.0,1820.0,1462.1392822265625,1820.0,1830.0,12400.0,Fall
16,1305,2009-11-02,883.0,891.0,891.0,883.0,892.0,151600.0,2009-10-30,1840.0,1840.0,1478.206787109375,1830.0,1850.0,13200.0,Fall
17,1305,2010-11-08,850.0,852.0,852.0,848.0,853.0,235700.0,2010-03-12,2030.0,2030.0,1630.8477783203125,2020.0,2040.0,32500.0,Fall
18,1305,2011-11-07,764.0,763.0,763.0,760.0,764.0,64710.0,2010-11-05,1630.0,1630.0,1340.976806640625,1610.0,1640.0,33000.0,Fall
19,1305,2012-11-05,767.0,762.0,762.0,760.0,767.0,55950.0,2011-03-11,1940.0,1920.0,1579.555419921875,1920.0,1940.0,40400.0,Fall
20,1305,2015-11-02,1594.0,1586.0,1586.0,1582.0,1597.0,181820.0,2011-11-04,1740.0,1750.0,1479.03515625,1720.0,1750.0,13600.0,Fall
21,1305,2016-11-07,1417.0,1415.0,1415.0,1408.0,1420.0,1045670.0,2012-03-09,2050.0,2050.0,1732.5838623046875,2040.0,2060.0,41300.0,Fall
22,1305,2017-11-06,1875.0,1872.0,1872.0,1862.0,1878.0,370500.0,2012-11-02,1770.0,1760.0,1523.7669677734375,1760.0,1770.0,8700.0,Fall
23,1305,2018-11-05,1719.0,1715.0,1715.0,1713.0,1725.0,304430.0,2013-03-08,2220.0,2220.0,1922.0244140625,2220.0,2230.0,42000.0,Fall
24,1305,2020-11-02,1673.0,1688.0,1688.0,1672.0,1698.0,166430.0,2014-03-07,2700.0,2710.0,2397.9345703125,2690.0,2710.0,20300.0,Fall
25,1306,2009-11-02,890.0,895.0,895.0,887.0,896.0,2352720.0,2015-03-06,2980.0,3000.0,2705.393310546875,2980.0,3000.0,31600.0,Fall
26,1306,2010-11-08,854.0,854.0,854.0,851.0,856.0,4127000.0,2015-10-30,2620.0,2620.0,2402.891845703125,2610.0,2640.0,9100.0,Fall
27,1306,2011-11-07,761.0,763.0,763.0,757.0,763.0,1344200.0,2016-03-11,2710.0,2740.0,2512.9482421875,2700.0,2740.0,26500.0,Fall
28,1306,2012-11-05,762.0,761.0,761.0,759.0,765.0,829890.0,2016-11-04,2765.0,2697.0,2520.181640625,2686.0,2767.0,31500.0,Fall
29,1306,2015-11-02,1575.0,1567.0,1567.0,1562.0,1576.0,2630300.0,2017-03-10,3165.0,3135.0,2929.4658203125,3110.0,3175.0,110700.0,Fall
30,1306,2016-11-07,1397.0,1396.0,1396.0,1388.0,1401.0,4381270.0,2017-11-03,3700.0,3700.0,3468.55859375,3700.0,3700.0,0.0,Fall
31,1306,2017-11-06,1849.0,1845.0,1845.0,1834.0,1851.0,4543390.0,2018-03-09,3895.0,3875.0,3632.61181640625,3845.0,3920.0,41500.0,Fall
32,1306,2018-11-05,1696.0,1692.0,1692.0,1688.0,1704.0,5041020.0,2018-11-02,3100.0,3110.0,2960.6650390625,3055.0,3130.0,31900.0,Fall
33,1306,2020-11-02,1652.0,1670.0,1670.0,1652.0,1678.0,1438660.0,2019-03-08,2975.0,2924.0,2783.596435546875,2906.0,2975.0,51100.0,Fall
34,1308,2009-11-02,868.0,875.0,875.0,868.0,875.0,159600.0,2020-03-06,2620.0,2606.0,2539.833984375,2606.0,2639.0,37600.0,Fall
35,1308,2010-11-08,838.0,839.0,839.0,833.0,840.0,87600.0,2020-10-30,2758.0,2731.0,2731.0,2713.0,2759.0,13200.0,Fall
36,1308,2011-11-07,748.0,751.0,751.0,747.0,751.0,54800.0,2008-03-07,1273.0999755859375,1273.0999755859375,1273.0999755859375,1273.0999755859375,1273.0999755859375,0.0,Fall
37,1308,2012-11-05,753.0,750.0,750.0,749.0,755.0,62500.0,2009-03-06,745.0,740.0,740.0,737.0,746.0,168600.0,Fall
38,1308,2015-11-02,1559.0,1550.0,1550.0,1546.0,1560.0,579200.0,2009-10-30,906.0,902.0,902.0,899.0,906.0,110100.0,Fall
39,1308,2016-11-07,1386.0,1384.0,1384.0,1375.0,1387.0,286800.0,2010-03-12,945.0,947.0,947.0,940.0,947.0,268900.0,Fall
40,1308,2017-11-06,1831.0,1826.0,1826.0,1819.0,1833.0,276300.0,2010-11-05,838.0,845.0,845.0,838.0,850.0,783200.0,Fall
41,1308,2018-11-05,1678.0,1674.0,1674.0,1670.0,1683.0,400100.0,2011-03-11,932.0,929.0,929.0,929.0,939.0,330900.0,Fall
42,1308,2020-11-02,1636.0,1652.0,1652.0,1636.0,1660.0,160600.0,2011-11-04,761.0,764.0,764.0,759.0,767.0,29520.0,Fall
43,1309,2009-11-02,0.0,30900.0,30900.0,29350.0,31000.0,19748.0,2012-03-09,863.0,863.0,863.0,858.0,870.0,436660.0,Fall
44,1309,2010-11-08,25430.0,25230.0,25230.0,25120.0,25450.0,11245.0,2012-11-02,768.0,766.0,766.0,765.0,768.0,94360.0,Fall
45,1309,2011-11-07,18300.0,18010.0,18010.0,17940.0,18300.0,3491.0,2013-03-08,1033.0,1042.0,1042.0,1032.0,1043.0,485600.0,Fall
46,1309,2012-11-05,16040.0,16030.0,16030.0,15920.0,16130.0,1592.0,2014-03-07,1278.0,1274.0,1274.0,1266.0,1280.0,858150.0,Fall
47,1309,2015-11-02,33050.0,32850.0,32850.0,32500.0,33050.0,633.0,2015-03-06,1584.0,1599.0,1599.0,1581.0,1599.0,610280.0,Fall
48,1309,2016-11-07,26100.0,26590.0,26590.0,26100.0,26600.0,982.0,2015-10-30,1606.0,1619.0,1619.0,1597.0,1630.0,243450.0,Fall
49,1309,2017-11-06,33850.0,33750.0,33750.0,33700.0,33950.0,438.0,2016-03-11,1388.0,1415.0,1415.0,1385.0,1420.0,88120.0,Fall
50,1309,2018-11-05,28440.0,28550.0,28550.0,28440.0,28880.0,355.0,2016-11-04,1402.0,1399.0,1399.0,1389.0,1407.0,698420.0,Fall
51,1309,2020-11-02,38350.0,38900.0,38900.0,38350.0,39350.0,349.0,2017-03-10,1631.0,1640.0,1640.0,1630.0,1640.0,870640.0,Fall
52,1311,2009-11-02,495.0,500.0,500.0,492.0,500.0,7350.0,2017-11-03,1872.0,1872.0,1872.0,1872.0,1872.0,0.0,Fall
53,1311,2010-11-08,470.0,467.0,467.0,465.0,470.0,4620.0,2018-03-09,1802.0,1792.0,1792.0,1784.0,1819.0,194680.0,Fall
54,1311,2011-11-07,393.0,393.0,393.0,391.0,394.0,2950.0,2018-11-02,1716.0,1733.0,1733.0,1704.0,1737.0,104700.0,Fall
55,1311,2012-11-05,397.0,396.0,396.0,395.0,398.0,1330.0,2019-03-08,1667.0,1647.0,1647.0,1645.0,1669.0,315270.0,Fall
56,1311,2015-11-02,784.0,773.0,773.0,771.0,784.0,3660.0,2020-03-06,1563.0,1547.0,1547.0,1538.0,1569.0,726160.0,Fall
57,1311,2016-11-07,629.0,632.0,632.0,629.0,640.0,1720.0,2020-10-30,1683.0,1657.0,1657.0,1657.0,1684.0,262450.0,Fall
58,1311,2017-11-06,820.0,817.0,817.0,811.0,825.0,5310.0,2008-03-07,1265.989990234375,1265.989990234375,1265.989990234375,1265.989990234375,1265.989990234375,0.0,Fall
59,1311,2018-11-05,740.0,738.0,738.0,738.0,743.0,3430.0,2009-03-06,745.0,738.0,738.0,738.0,747.0,2623530.0,Fall
60,1311,2020-11-02,725.0,732.0,732.0,725.0,735.0,800.0,2009-10-30,909.0,908.0,908.0,903.0,910.0,966160.0,Fall
61,1312,2009-11-02,0.0,8930.0,8930.0,8800.0,8930.0,28.0,2010-03-12,949.0,952.0,952.0,945.0,952.0,4025420.0,Fall
62,1312,2010-11-08,8280.0,8300.0,8300.0,8280.0,8300.0,15.0,2010-11-05,839.0,848.0,848.0,839.0,853.0,6723600.0,Fall
63,1312,2011-11-07,8380.0,8300.0,8300.0,8300.0,8380.0,13.0,2011-03-11,936.0,931.0,931.0,930.0,941.0,2603100.0,Fall
64,1312,2012-11-05,8510.0,8510.0,8510.0,8510.0,8510.0,1.0,2011-11-04,759.0,763.0,763.0,756.0,764.0,2194120.0,Fall
65,1312,2015-11-02,17450.0,17450.0,17450.0,17450.0,17450.0,5.0,2012-03-09,863.0,862.0,862.0,856.0,867.0,10542450.0,Fall
66,1312,2016-11-07,16900.0,16520.0,16520.0,16520.0,16900.0,2.0,2012-11-02,764.0,765.0,765.0,762.0,766.0,1127030.0,Fall
67,1312,2017-11-06,22090.0,22210.0,22210.0,22060.0,22210.0,34.0,2013-03-08,1031.0,1041.0,1041.0,1029.0,1042.0,3991040.0,Fall
68,1312,2018-11-05,20400.0,20400.0,20400.0,20400.0,20400.0,2.0,2014-03-07,1264.0,1263.0,1263.0,1253.0,1267.0,4298870.0,Fall
69,1312,2020-11-02,18730.0,18860.0,18860.0,18730.0,19000.0,204.0,2015-03-06,1561.0,1577.0,1577.0,1561.0,1577.0,4238980.0,Fall
70,1313,2009-11-02,1540.0,1615.0,1615.0,1540.0,1675.0,2120.0,2015-10-30,1586.0,1597.0,1597.0,1577.0,1610.0,5764070.0,Fall
71,1313,2010-11-08,1832.0,1832.0,1832.0,1832.0,1839.0,270.0,2016-03-11,1368.0,1394.0,1394.0,1367.0,1402.0,3845430.0,Fall
72,1313,2011-11-07,1786.0,1764.0,1764.0,1750.0,1786.0,140.0,2016-11-04,1385.0,1380.0,1380.0,1370.0,1389.0,3489990.0,Fall
73,1313,2012-11-05,1825.0,1827.0,1827.0,1825.0,1827.0,130.0,2017-03-10,1609.0,1617.0,1617.0,1607.0,1617.0,2825510.0,Fall
74,1313,2015-11-02,2645.0,2645.0,2645.0,2645.0,2645.0,150.0,2017-11-03,1846.0,1846.0,1846.0,1846.0,1846.0,0.0,Fall
75,1313,2016-11-07,2295.0,2295.0,2295.0,2295.0,2295.0,0.0,2018-03-09,1780.0,1768.0,1768.0,1757.0,1793.0,3028720.0,Fall
76,1313,2017-11-06,3475.0,3475.0,3475.0,3475.0,3475.0,10.0,2018-11-02,1692.0,1710.0,1710.0,1680.0,1716.0,3046330.0,Fall
77,1313,2018-11-05,2740.0,2740.0,2740.0,2740.0,2740.0,50.0,2019-03-08,1643.0,1625.0,1625.0,1623.0,1648.0,1822330.0,Fall
78,1313,2020-11-02,2829.0,2840.0,2840.0,2771.0,2840.0,370.0,2020-03-06,1544.0,1525.0,1525.0,1518.0,1548.0,3687960.0,Fall
79,1319,2009-11-02,154.0,154.0,154.0,154.0,154.0,2000.0,2020-10-30,1665.0,1641.0,1641.0,1637.0,1665.0,2845840.0,Fall
80,1319,2010-11-08,159.0,168.0,168.0,159.0,168.0,143000.0,2008-03-07,1261.780029296875,1261.780029296875,1261.780029296875,1261.780029296875,1261.780029296875,0.0,Fall
81,1319,2011-11-07,138.0,138.0,138.0,138.0,138.0,31000.0,2009-03-06,731.0,726.0,726.0,723.0,731.0,487000.0,Fall
82,1319,2012-11-05,137.0,137.0,137.0,137.0,137.0,10000.0,2009-10-30,889.0,888.0,888.0,882.0,889.0,401700.0,Fall
83,1319,2015-11-02,294.0,295.0,295.0,286.0,295.0,21000.0,2010-03-12,930.0,929.0,929.0,925.0,930.0,377200.0,Fall
84,1319,2016-11-07,195.0,198.0,198.0,195.0,199.0,38000.0,2010-11-05,824.0,833.0,833.0,824.0,836.0,266000.0,Fall
85,1319,2017-11-06,322.0,341.0,341.0,322.0,341.0,144000.0,2011-03-11,917.0,914.0,914.0,912.0,923.0,456900.0,Fall
86,1319,2018-11-05,327.0,321.0,321.0,321.0,327.0,4000.0,2011-11-04,753.0,752.0,752.0,746.0,753.0,677600.0,Fall
87,1319,2020-11-02,311.0,312.0,312.0,311.0,312.0,3000.0,2012-03-09,851.0,849.0,849.0,844.0,855.0,3715200.0,Fall
88,1320,2009-11-02,0.0,9870.0,9870.0,9760.0,9870.0,267310.0,2012-11-02,756.0,755.0,755.0,754.0,756.0,86200.0,Fall
89,1320,2010-11-08,9750.0,9790.0,9790.0,9740.0,9800.0,83190.0,2013-03-08,1019.0,1028.0,1028.0,1018.0,1030.0,747700.0,Fall
90,1320,2011-11-07,8850.0,8860.0,8860.0,8840.0,8870.0,18102.0,2014-03-07,1250.0,1247.0,1247.0,1240.0,1253.0,588900.0,Fall
91,1320,2012-11-05,9150.0,9160.0,9160.0,9130.0,9180.0,10451.0,2015-03-06,1544.0,1560.0,1560.0,1544.0,1560.0,585600.0,Fall
92,1320,2015-11-02,19290.0,19160.0,19160.0,19100.0,19330.0,87255.0,2015-10-30,1571.0,1581.0,1581.0,1563.0,1593.0,369500.0,Fall
93,1320,2016-11-07,17590.0,17620.0,17620.0,17500.0,17620.0,34010.0,2016-03-11,1353.0,1380.0,1380.0,1353.0,1386.0,124000.0,Fall
94,1320,2017-11-06,23220.0,23150.0,23150.0,23020.0,23240.0,134959.0,2016-11-04,1372.0,1366.0,1366.0,1357.0,1374.0,274900.0,Fall
95,1320,2018-11-05,22550.0,22480.0,22480.0,22470.0,22650.0,69464.0,2017-03-10,1593.0,1600.0,1600.0,1592.0,1600.0,320700.0,Fall
96,1320,2020-11-02,23730.0,23940.0,23940.0,23730.0,24010.0,77582.0,2017-11-03,1828.0,1828.0,1828.0,1828.0,1828.0,0.0,Fall
97,1321,2009-11-02,0.0,9920.0,9920.0,9800.0,9920.0,1177547.0,2018-03-09,1764.0,1748.0,1748.0,1742.0,1777.0,939800.0,Fall
98,1321,2010-11-08,9790.0,9800.0,9800.0,9770.0,9830.0,492650.0,2018-11-02,1676.0,1692.0,1692.0,1662.0,1697.0,648700.0,Fall
99,1321,2011-11-07,8890.0,8880.0,8880.0,8860.0,8900.0,83634.0,2019-03-08,1624.0,1610.0,1610.0,1607.0,1629.0,198600.0,Fall
100,1321,2012-11-05,9160.0,9180.0,9180.0,9140.0,9200.0,79908.0,2020-03-06,1529.0,1508.0,1508.0,1503.0,1531.0,258100.0,Fall
101,1321,2015-11-02,19290.0,19150.0,19150.0,19100.0,19330.0,507949.0,2020-10-30,1647.0,1624.0,1624.0,1620.0,1647.0,444000.0,Fall
102,1321,2016-11-07,17590.0,17610.0,17610.0,17490.0,17620.0,355671.0,2009-03-06,0.0,24000.0,24000.0,23810.0,24240.0,6994.0,Fall
103,1321,2017-11-06,23220.0,23140.0,23140.0,23030.0,23260.0,360529.0,2009-10-30,0.0,31250.0,31250.0,30550.0,31350.0,21297.0,Fall
104,1321,2018-11-05,22590.0,22520.0,22520.0,22500.0,22700.0,451749.0,2010-03-12,28070.0,27960.0,27960.0,27960.0,28180.0,9642.0,Fall
105,1321,2020-11-02,23790.0,23990.0,23990.0,23790.0,24060.0,158791.0,2010-11-05,24810.0,24940.0,24940.0,24810.0,25160.0,24316.0,Fall
106,1322,2009-11-02,3930.0,4070.0,4070.0,3920.0,4070.0,14700.0,2011-03-11,21850.0,22050.0,22050.0,21850.0,22060.0,3301.0,Fall
107,1322,2010-11-08,4030.0,4050.0,4050.0,3985.0,4060.0,11560.0,2011-11-04,18000.0,18130.0,18130.0,18000.0,18230.0,5427.0,Fall
108,1322,2011-11-07,2975.0,2960.0,2960.0,2937.0,2987.0,5100.0,2012-03-09,18320.0,18240.0,18240.0,18150.0,18400.0,2862.0,Fall
109,1322,2012-11-05,2460.0,2445.0,2445.0,2440.0,2460.0,1120.0,2012-11-02,15990.0,16020.0,16020.0,15900.0,16040.0,4286.0,Fall
110,1322,2015-11-02,4480.0,4480.0,4480.0,4455.0,4480.0,860.0,2013-03-08,21190.0,21290.0,21290.0,20970.0,21300.0,4733.0,Fall
111,1322,2016-11-07,3675.0,3675.0,3675.0,3675.0,3685.0,250.0,2014-03-07,17290.0,17360.0,17360.0,17210.0,17360.0,407.0,Fall
112,1322,2017-11-06,5630.0,5630.0,5630.0,5630.0,5630.0,0.0,2015-03-06,33700.0,34100.0,34100.0,33700.0,34150.0,1925.0,Fall
113,1322,2018-11-05,5350.0,5000.0,5000.0,5000.0,5350.0,1080.0,2015-10-30,33050.0,33100.0,33100.0,32650.0,33350.0,1192.0,Fall
114,1322,2020-11-02,7190.0,7390.0,7390.0,7110.0,7390.0,630.0,2016-03-11,26010.0,26290.0,26290.0,25790.0,26380.0,118.0,Fall
115,1323,2009-11-02,0.0,281.0,281.0,276.0,286.0,32900.0,2016-11-04,26000.0,26040.0,26040.0,25740.0,26040.0,617.0,Fall
116,1323,2010-11-08,326.0,329.0,329.0,326.0,330.0,13300.0,2017-03-10,29280.0,29660.0,29660.0,29280.0,29660.0,872.0,Fall
117,1323,2011-11-07,290.0,290.0,290.0,285.0,290.0,1900.0,2017-11-03,34050.0,34050.0,34050.0,34050.0,34050.0,0.0,Fall
118,1323,2012-11-05,295.0,295.0,295.0,295.0,295.0,3100.0,2018-03-09,33250.0,33700.0,33700.0,33200.0,33700.0,93.0,Fall
119,1323,2015-11-02,369.0,369.0,369.0,369.0,369.0,400.0,2018-11-02,28340.0,28940.0,28940.0,28340.0,28950.0,2120.0,Fall
120,1323,2016-11-07,295.0,297.0,297.0,295.0,297.0,800.0,2019-03-08,32150.0,31250.0,31250.0,31050.0,32250.0,2083.0,Fall
121,1323,2017-11-06,364.0,364.0,364.0,364.0,364.0,100.0,2020-03-06,34700.0,34200.0,34200.0,34200.0,34850.0,1456.0,Fall
122,1323,2018-11-05,355.0,340.0,340.0,340.0,355.0,4200.0,2020-10-30,39850.0,38800.0,38800.0,38550.0,39900.0,292.0,Fall
123,1323,2020-11-02,306.0,306.0,306.0,305.0,308.0,1200.0,2008-03-07,785.25,785.25,785.25,785.25,785.25,0.0,Fall
124,1324,2009-11-02,0.0,129.0,129.0,126.0,129.0,338600.0,2009-03-06,427.0,427.0,427.0,424.0,427.0,341170.0,Fall
125,1324,2010-11-08,135.0,134.0,134.0,134.0,136.0,135700.0,2009-10-30,517.0,507.0,507.0,505.0,517.0,15560.0,Fall
126,1324,2011-11-07,122.0,119.0,119.0,117.0,122.0,72900.0,2010-03-12,536.0,537.0,537.0,534.0,538.0,1660.0,Fall
127,1324,2012-11-05,114.0,114.0,114.0,114.0,115.0,16100.0,2010-11-05,464.0,464.0,464.0,463.0,466.0,18760.0,Fall
128,1324,2015-11-02,99.0,100.0,100.0,98.0,100.0,32800.0,2011-03-11,526.0,519.0,519.0,515.0,526.0,38870.0,Fall
129,1324,2016-11-07,99.0,100.0,100.0,99.0,100.0,133000.0,2011-11-04,395.0,395.0,395.0,391.0,395.0,56910.0,Fall
130,1324,2017-11-06,126.0,124.0,124.0,124.0,127.0,181400.0,2012-03-09,450.0,457.0,457.0,450.0,457.0,58190.0,Fall
131,1324,2018-11-05,124.0,122.0,122.0,122.0,124.0,4300.0,2012-11-02,396.0,395.0,395.0,394.0,397.0,7040.0,Fall
132,1324,2020-11-02,127.0,126.0,126.0,126.0,128.0,17400.0,2013-03-08,553.0,554.0,554.0,551.0,555.0,15380.0,Fall
133,1325,2009-11-02,326.0,334.0,334.0,325.0,334.0,2849000.0,2014-03-07,660.0,658.0,658.0,653.0,660.0,2040.0,Fall
134,1325,2010-11-08,315.0,317.0,317.0,315.0,318.0,276100.0,2015-03-06,788.0,794.0,794.0,787.0,794.0,9040.0,Fall
135,1325,2011-11-07,224.0,223.0,223.0,222.0,224.0,46800.0,2015-10-30,782.0,787.0,787.0,777.0,795.0,2510.0,Fall
136,1325,2012-11-05,205.0,205.0,205.0,205.0,206.0,21800.0,2016-03-11,664.0,672.0,672.0,656.0,672.0,2250.0,Fall
137,1325,2015-11-02,120.0,119.0,119.0,118.0,120.0,149700.0,2016-11-04,640.0,629.0,629.0,626.0,640.0,8820.0,Fall
138,1325,2016-11-07,164.0,167.0,167.0,164.0,167.0,156400.0,2017-03-10,727.0,720.0,720.0,720.0,732.0,4220.0,Fall
139,1325,2017-11-06,205.0,204.0,204.0,204.0,206.0,58500.0,2017-11-03,816.0,816.0,816.0,816.0,816.0,0.0,Fall
140,1325,2018-11-05,211.0,212.0,212.0,211.0,214.0,40600.0,2018-03-09,779.0,774.0,774.0,774.0,785.0,4500.0,Fall
141,1325,2020-11-02,142.0,141.0,141.0,141.0,143.0,26200.0,2018-11-02,739.0,747.0,747.0,736.0,750.0,2280.0,Fall
142,1326,2009-11-02,9200.0,9250.0,9250.0,9200.0,9250.0,23592.0,2019-03-08,730.0,724.0,724.0,722.0,730.0,790.0,Fall
143,1326,2010-11-08,11070.0,11040.0,11040.0,11010.0,11090.0,16554.0,2020-03-06,716.0,703.0,703.0,698.0,716.0,20330.0,Fall
144,1326,2011-11-07,13350.0,13490.0,13490.0,13350.0,13490.0,17819.0,2020-10-30,730.0,720.0,720.0,718.0,730.0,5870.0,Fall
145,1326,2012-11-05,13120.0,13120.0,13120.0,13080.0,13140.0,22146.0,2009-03-06,0.0,7270.0,7270.0,7260.0,7430.0,20.0,Fall
146,1326,2015-11-02,13170.0,13170.0,13170.0,13110.0,13170.0,2556.0,2009-10-30,0.0,8850.0,8850.0,8820.0,8890.0,26.0,Fall
147,1326,2016-11-07,12820.0,12830.0,12830.0,12800.0,12860.0,5988.0,2010-03-12,9080.0,9090.0,9090.0,9080.0,9090.0,225.0,Fall
148,1326,2017-11-06,13790.0,13780.0,13780.0,13760.0,13800.0,486.0,2010-11-05,8160.0,8160.0,8160.0,8160.0,8160.0,81.0,Fall
149,1326,2018-11-05,13190.0,13190.0,13190.0,13160.0,13220.0,1317.0,2011-03-11,9110.0,9320.0,9320.0,9110.0,9320.0,8.0,Fall
150,1326,2020-11-02,18410.0,18510.0,18510.0,18410.0,18520.0,18139.0,2011-11-04,8290.0,8290.0,8290.0,8290.0,8290.0,1.0,Fall
151,1327,2009-11-02,3840.0,3880.0,3880.0,3800.0,3900.0,581.0,2012-03-09,9200.0,9260.0,9260.0,9200.0,9260.0,43.0,Fall
152,1327,2010-11-08,3520.0,3500.0,3500.0,3450.0,3590.0,1088.0,2012-11-02,8510.0,8510.0,8510.0,8510.0,8510.0,5.0,Fall
153,1327,2011-11-07,3805.0,3885.0,3885.0,3805.0,3885.0,171.0,2013-03-08,11110.0,11110.0,11110.0,11070.0,11130.0,250.0,Fall
154,1327,2012-11-05,3695.0,3670.0,3670.0,3650.0,3695.0,208.0,2014-03-07,13500.0,13500.0,13500.0,13500.0,13500.0,30.0,Fall
155,1327,2015-11-02,3680.0,3685.0,3685.0,3655.0,3685.0,241.0,2015-03-06,16640.0,16750.0,16750.0,16640.0,16750.0,13.0,Fall
156,1327,2016-11-07,2811.0,2811.0,2811.0,2811.0,2811.0,43.0,2015-10-30,17610.0,17670.0,17670.0,17450.0,17670.0,16.0,Fall
157,1327,2017-11-06,3235.0,3235.0,3235.0,3235.0,3235.0,0.0,2016-03-11,15930.0,15990.0,15990.0,15930.0,16060.0,18.0,Fall
158,1327,2018-11-05,3370.0,3370.0,3370.0,3370.0,3370.0,0.0,2016-11-04,16370.0,16910.0,16910.0,16320.0,16910.0,18.0,Fall
159,1327,2020-11-02,2629.0,2593.0,2593.0,2563.0,2630.0,116.0,2017-03-10,19000.0,19120.0,19120.0,19000.0,19120.0,149.0,Fall
160,1328,2009-11-02,0.0,2800.0,2800.0,2765.0,2800.0,43680.0,2017-11-03,21990.0,21990.0,21990.0,21990.0,21990.0,0.0,Fall
161,1328,2010-11-08,3270.0,3255.0,3255.0,3250.0,3285.0,38630.0,2018-03-09,21780.0,21780.0,21780.0,21780.0,21780.0,0.0,Fall
162,1328,2011-11-07,4120.0,4145.0,4145.0,4110.0,4155.0,13150.0,2018-11-02,20460.0,20660.0,20660.0,20440.0,20660.0,37.0,Fall
163,1328,2012-11-05,3955.0,3945.0,3945.0,3945.0,3955.0,12140.0,2019-03-08,19280.0,19490.0,19490.0,19280.0,19490.0,12.0,Fall
164,1328,2015-11-02,3765.0,3740.0,3740.0,3735.0,3770.0,1200.0,2020-03-06,17210.0,16600.0,16600.0,16600.0,17210.0,163.0,Fall
165,1328,2016-11-07,3630.0,3615.0,3615.0,3590.0,3630.0,2920.0,2020-10-30,19160.0,19160.0,19160.0,19160.0,19160.0,1.0,Fall
166,1328,2017-11-06,3770.0,3775.0,3775.0,3765.0,3785.0,5480.0,2008-03-07,21523.19921875,21523.19921875,21523.19921875,21523.19921875,21523.19921875,0.0,Fall
167,1328,2018-11-05,3665.0,3665.0,3665.0,3665.0,3670.0,2130.0,2009-03-06,990.0,970.0,970.0,970.0,990.0,720.0,Fall
168,1328,2020-11-02,5030.0,5060.0,5060.0,5030.0,5070.0,27820.0,2009-10-30,1707.0,1660.0,1660.0,1655.0,1707.0,1190.0,Fall
169,1329,2009-11-02,9850.0,9890.0,9890.0,9710.0,9890.0,2260.0,2010-03-12,1771.0,1775.0,1775.0,1771.0,1775.0,130.0,Fall
170,1329,2010-11-08,9710.0,9750.0,9750.0,9710.0,9770.0,1860.0,2010-11-05,1823.0,1832.0,1832.0,1823.0,1845.0,830.0,Fall
171,1329,2011-11-07,8840.0,8810.0,8810.0,8810.0,8850.0,2180.0,2011-03-11,1970.0,1963.0,1963.0,1962.0,1975.0,450.0,Fall
172,1329,2012-11-05,9130.0,9070.0,9070.0,9070.0,9130.0,450.0,2011-11-04,1724.0,1754.0,1754.0,1724.0,1780.0,1630.0,Fall
173,1329,2015-11-02,19370.0,19240.0,19240.0,19200.0,19380.0,5393.0,2012-03-09,1946.0,1979.0,1979.0,1946.0,1980.0,880.0,Fall
174,1329,2016-11-07,17670.0,17680.0,17680.0,17590.0,17680.0,2909.0,2012-11-02,1836.0,1835.0,1835.0,1819.0,1836.0,80.0,Fall
175,1329,2017-11-06,23310.0,23230.0,23230.0,23100.0,23310.0,4877.0,2013-03-08,2241.0,2245.0,2245.0,2236.0,2245.0,450.0,Fall
176,1329,2018-11-05,22680.0,22620.0,22620.0,22600.0,22750.0,26431.0,2014-03-07,2526.0,2502.0,2502.0,2502.0,2526.0,260.0,Fall
177,1329,2020-11-02,23900.0,24090.0,24090.0,23890.0,24160.0,17744.0,2015-03-06,2779.0,2782.0,2782.0,2779.0,2782.0,50.0,Fall
178,1330,2009-11-02,9870.0,9960.0,9960.0,9860.0,9960.0,281230.0,2015-10-30,25013.609375,25013.609375,25013.609375,25013.609375,25013.609375,0.0,Fall
179,1330,2010-11-08,9830.0,9870.0,9870.0,9810.0,9870.0,359910.0,2016-03-11,2290.0,2290.0,2290.0,2290.0,2290.0,0.0,Fall
180,1330,2011-11-07,8910.0,8900.0,8900.0,8880.0,8920.0,99800.0,2016-11-04,2295.0,2295.0,2295.0,2295.0,2295.0,0.0,Fall
181,1330,2012-11-05,9190.0,9190.0,9190.0,9170.0,9230.0,111770.0,2017-03-10,2718.0,2718.0,2718.0,2718.0,2718.0,0.0,Fall
182,1330,2015-11-02,19350.0,19210.0,19210.0,19160.0,19380.0,119500.0,2017-11-03,3445.0,3445.0,3445.0,3445.0,3445.0,0.0,Fall
183,1330,2016-11-07,17660.0,17660.0,17660.0,17540.0,17680.0,70280.0,2018-03-09,3290.0,3290.0,3290.0,3290.0,3290.0,0.0,Fall
184,1330,2017-11-06,23320.0,23230.0,23230.0,23120.0,23340.0,94950.0,2018-11-02,2630.0,2730.0,2730.0,2630.0,2730.0,40.0,Fall
185,1330,2018-11-05,22670.0,22590.0,22590.0,22570.0,22760.0,50570.0,2019-03-08,2850.0,2781.0,2781.0,2781.0,2850.0,170.0,Fall
186,1330,2020-11-02,23850.0,24050.0,24050.0,23850.0,24100.0,61590.0,2020-03-06,2490.0,2509.0,2509.0,2490.0,2509.0,90.0,Fall
187,1301,2001-04-02,1480.0,1480.0,1081.5137939453125,1460.0,1510.0,18100.0,2020-10-30,2870.0,2879.0,2879.0,2870.0,2879.0,20.0,Spring
188,1301,2002-04-08,1440.0,1440.0,1074.672607421875,1430.0,1450.0,13300.0,2008-03-07,254.1699981689453,254.1699981689453,254.1699981689453,254.1699981689453,254.1699981689453,0.0,Spring
189,1301,2003-04-07,1250.0,1260.0,970.6719970703124,1220.0,1260.0,28300.0,2009-03-06,146.0,145.0,145.0,145.0,146.0,6000.0,Spring
190,1301,2004-04-05,1960.0,1970.0,1548.6099853515625,1950.0,2000.0,147800.0,2009-10-30,158.0,155.0,155.0,155.0,158.0,13000.0,Spring
191,1301,2005-04-04,2320.0,2340.0,1839.4659423828125,2300.0,2340.0,58000.0,2010-03-12,160.0,160.0,160.0,160.0,160.0,10000.0,Spring
192,1301,2006-04-03,2970.0,3000.0,2358.2900390625,2950.0,3020.0,64100.0,2010-11-05,160.0,164.0,164.0,158.0,164.0,428000.0,Spring
193,1301,2007-03-12,2780.0,2820.0,2216.7919921875,2780.0,2830.0,70100.0,2011-03-11,150.0,150.0,150.0,150.0,150.0,47000.0,Spring
194,1301,2008-03-10,1750.0,1730.0,1389.835693359375,1730.0,1750.0,12500.0,2011-11-04,137.0,138.0,138.0,137.0,138.0,31000.0,Spring
195,1301,2009-03-09,1800.0,1770.0,1421.9705810546875,1770.0,1800.0,16700.0,2012-03-09,153.0,151.0,151.0,151.0,153.0,6000.0,Spring
196,1301,2010-03-15,2050.0,2040.0,1638.8814697265625,2030.0,2060.0,38000.0,2012-11-02,138.0,137.0,137.0,136.0,138.0,10000.0,Spring
197,1301,2011-03-14,1670.0,1810.0,1489.06005859375,1670.0,1850.0,70300.0,2013-03-08,176.0,179.0,179.0,175.0,179.0,17000.0,Spring
198,1301,2012-03-12,2060.0,2060.0,1741.035400390625,2050.0,2070.0,21600.0,2014-03-07,221.0,221.0,221.0,221.0,221.0,9000.0,Spring
199,1301,2013-03-11,2230.0,2240.0,1939.3397216796875,2230.0,2250.0,34900.0,2015-03-06,264.0,265.0,265.0,263.0,265.0,44000.0,Spring
200,1301,2014-03-10,2720.0,2720.0,2406.78271484375,2700.0,2730.0,35600.0,2015-10-30,298.0,300.0,300.0,298.0,300.0,6000.0,Spring
201,1301,2015-03-09,3000.0,3020.0,2723.42919921875,3000.0,3020.0,24100.0,2016-03-11,249.0,238.0,238.0,238.0,249.0,6000.0,Spring
202,1301,2016-03-14,2750.0,2740.0,2512.9482421875,2740.0,2760.0,21100.0,2016-11-04,200.0,192.0,192.0,192.0,200.0,25000.0,Spring
203,1301,2017-03-13,3135.0,3165.0,2957.498779296875,3125.0,3180.0,74000.0,2017-03-10,284.0,288.0,288.0,284.0,288.0,4000.0,Spring
204,1301,2018-03-12,3920.0,3905.0,3660.735107421875,3870.0,3920.0,31200.0,2017-11-03,321.0,321.0,321.0,321.0,321.0,0.0,Spring
205,1301,2019-03-11,2943.0,2955.0,2813.10791015625,2930.0,2959.0,17400.0,2018-03-09,327.0,327.0,327.0,327.0,327.0,0.0,Spring
206,1301,2020-03-09,2575.0,2508.0,2444.322021484375,2502.0,2580.0,70300.0,2018-11-02,326.0,333.0,333.0,326.0,333.0,4000.0,Spring
207,1305,2008-03-10,1249.0999755859375,1249.0999755859375,1249.0999755859375,1249.0999755859375,1249.0999755859375,0.0,2019-03-08,306.0,305.0,305.0,305.0,306.0,2000.0,Spring
208,1305,2009-03-09,728.0,727.0,727.0,722.0,732.0,327300.0,2020-03-06,306.0,300.0,300.0,300.0,306.0,2000.0,Spring
209,1305,2010-03-15,950.0,949.0,949.0,945.0,952.0,136000.0,2020-10-30,307.0,305.0,305.0,305.0,307.0,38000.0,Spring
210,1305,2011-03-14,839.0,859.0,859.0,839.0,880.0,6406400.0,2009-03-06,0.0,7280.0,7280.0,7270.0,7390.0,201720.0,Spring
211,1305,2012-03-12,870.0,863.0,863.0,861.0,870.0,222930.0,2009-10-30,0.0,10040.0,10040.0,10020.0,10100.0,90590.0,Spring
212,1305,2013-03-11,1055.0,1063.0,1063.0,1051.0,1066.0,257340.0,2010-03-12,10760.0,10780.0,10780.0,10750.0,10830.0,209240.0,Spring
213,1305,2014-03-10,1269.0,1264.0,1264.0,1261.0,1274.0,599390.0,2010-11-05,9570.0,9700.0,9700.0,9570.0,9740.0,189590.0,Spring
214,1305,2015-03-09,1589.0,1588.0,1588.0,1581.0,1594.0,293250.0,2011-03-11,10420.0,10360.0,10360.0,10320.0,10470.0,381500.0,Spring
215,1305,2016-03-14,1431.0,1434.0,1434.0,1427.0,1442.0,766940.0,2011-11-04,8890.0,8890.0,8890.0,8820.0,8910.0,49013.0,Spring
216,1305,2017-03-13,1633.0,1642.0,1642.0,1633.0,1642.0,55870.0,2012-03-09,10010.0,10020.0,10020.0,9980.0,10130.0,199709.0,Spring
217,1305,2018-03-12,1821.0,1821.0,1821.0,1811.0,1825.0,262920.0,2012-11-02,9200.0,9180.0,9180.0,9170.0,9220.0,21639.0,Spring
218,1305,2019-03-11,1650.0,1656.0,1656.0,1647.0,1659.0,730160.0,2013-03-08,12310.0,12500.0,12500.0,12300.0,12500.0,173241.0,Spring
219,1305,2020-03-09,1495.0,1462.0,1462.0,1450.0,1500.0,845910.0,2014-03-07,15580.0,15590.0,15590.0,15460.0,15630.0,139818.0,Spring
220,1306,2008-03-10,1242.25,1242.25,1242.25,1242.25,1242.25,0.0,2015-03-06,19250.0,19390.0,19390.0,19240.0,19400.0,89020.0,Spring
221,1306,2009-03-09,727.0,728.0,728.0,721.0,733.0,5603430.0,2015-10-30,19390.0,19570.0,19570.0,19240.0,19680.0,203174.0,Spring
222,1306,2010-03-15,956.0,953.0,953.0,949.0,957.0,737660.0,2016-03-11,17000.0,17400.0,17400.0,17000.0,17470.0,107187.0,Spring
223,1306,2011-03-14,856.0,861.0,861.0,850.0,882.0,11348410.0,2016-11-04,17410.0,17320.0,17320.0,17230.0,17420.0,83970.0,Spring
224,1306,2012-03-12,868.0,858.0,858.0,858.0,869.0,2239500.0,2017-03-10,19990.0,20140.0,20140.0,19960.0,20140.0,113202.0,Spring
225,1306,2013-03-11,1053.0,1060.0,1060.0,1048.0,1064.0,7772250.0,2017-11-03,23120.0,23120.0,23120.0,23120.0,23120.0,0.0,Spring
226,1306,2014-03-10,1254.0,1251.0,1251.0,1247.0,1260.0,2166760.0,2018-03-09,22200.0,22050.0,22050.0,21950.0,22490.0,145818.0,Spring
227,1306,2015-03-09,1570.0,1566.0,1566.0,1560.0,1572.0,2507570.0,2018-11-02,22400.0,22840.0,22840.0,22390.0,22910.0,76104.0,Spring
228,1306,2016-03-14,1413.0,1417.0,1417.0,1408.0,1422.0,3008220.0,2019-03-08,21940.0,21630.0,21630.0,21610.0,21950.0,98557.0,Spring
229,1306,2017-03-13,1612.0,1617.0,1617.0,1610.0,1620.0,845220.0,2020-03-06,21610.0,21340.0,21340.0,21230.0,21680.0,352740.0,Spring
230,1306,2018-03-12,1797.0,1796.0,1796.0,1785.0,1799.0,2257130.0,2020-10-30,23940.0,23630.0,23630.0,23590.0,23950.0,38251.0,Spring
231,1306,2019-03-11,1629.0,1634.0,1634.0,1623.0,1637.0,1193910.0,2009-03-06,0.0,7320.0,7320.0,7300.0,7430.0,848636.0,Spring
232,1306,2020-03-09,1473.0,1439.0,1439.0,1429.0,1481.0,4373620.0,2009-10-30,0.0,10090.0,10090.0,10060.0,10140.0,714693.0,Spring
233,1308,2008-03-10,1237.93994140625,1237.93994140625,1237.93994140625,1237.93994140625,1237.93994140625,0.0,2010-03-12,10830.0,10830.0,10830.0,10790.0,10870.0,509980.0,Spring
234,1308,2009-03-09,711.0,714.0,714.0,708.0,719.0,1217000.0,2010-11-05,9600.0,9730.0,9730.0,9600.0,9770.0,1102779.0,Spring
235,1308,2010-03-15,933.0,932.0,932.0,929.0,935.0,179100.0,2011-03-11,10470.0,10390.0,10390.0,10340.0,10490.0,742871.0,Spring
236,1308,2011-03-14,857.0,844.0,844.0,818.0,870.0,1826100.0,2011-11-04,8900.0,8920.0,8920.0,8850.0,8930.0,342876.0,Spring
237,1308,2012-03-12,853.0,848.0,848.0,847.0,855.0,473900.0,2012-03-09,10030.0,10040.0,10040.0,10000.0,10170.0,1052715.0,Spring
238,1308,2013-03-11,1040.0,1047.0,1047.0,1038.0,1051.0,354300.0,2012-11-02,9210.0,9200.0,9200.0,9190.0,9240.0,195271.0,Spring
239,1308,2014-03-10,1240.0,1238.0,1238.0,1235.0,1246.0,750100.0,2013-03-08,12330.0,12520.0,12520.0,12310.0,12520.0,883907.0,Spring
240,1308,2015-03-09,1553.0,1548.0,1548.0,1543.0,1555.0,631300.0,2014-03-07,15590.0,15580.0,15580.0,15450.0,15620.0,636879.0,Spring
241,1308,2016-03-14,1400.0,1401.0,1401.0,1392.0,1407.0,2313400.0,2015-03-06,19240.0,19390.0,19390.0,19230.0,19400.0,559240.0,Spring
242,1308,2017-03-13,1597.0,1602.0,1602.0,1595.0,1605.0,183200.0,2015-10-30,19380.0,19550.0,19550.0,19240.0,19680.0,918012.0,Spring
243,1308,2018-03-12,1779.0,1778.0,1778.0,1769.0,1782.0,176600.0,2016-03-11,17030.0,17380.0,17380.0,16990.0,17460.0,656154.0,Spring
244,1308,2019-03-11,1610.0,1618.0,1618.0,1608.0,1619.0,213700.0,2016-11-04,17400.0,17320.0,17320.0,17230.0,17410.0,574838.0,Spring
245,1308,2020-03-09,1460.0,1422.0,1422.0,1415.0,1466.0,655300.0,2017-03-10,20000.0,20110.0,20110.0,19950.0,20130.0,499861.0,Spring
246,1309,2009-03-09,0.0,23660.0,23660.0,23600.0,24600.0,9344.0,2017-11-03,23140.0,23140.0,23140.0,23140.0,23140.0,0.0,Spring
247,1309,2010-03-15,28000.0,27940.0,27940.0,27730.0,28040.0,9241.0,2018-03-09,22190.0,22090.0,22090.0,21950.0,22490.0,413390.0,Spring
248,1309,2011-03-14,20600.0,21390.0,21390.0,20350.0,21500.0,25578.0,2018-11-02,22470.0,22880.0,22880.0,22420.0,22940.0,412763.0,Spring
249,1309,2012-03-12,18410.0,18280.0,18280.0,18280.0,18470.0,2817.0,2019-03-08,21970.0,21660.0,21660.0,21630.0,21980.0,356545.0,Spring
250,1309,2013-03-11,21270.0,21110.0,21110.0,20940.0,21380.0,7773.0,2020-03-06,21640.0,21360.0,21360.0,21260.0,21720.0,667152.0,Spring
251,1309,2014-03-10,17350.0,17090.0,17090.0,17000.0,17400.0,1190.0,2020-10-30,24000.0,23680.0,23680.0,23640.0,24010.0,345798.0,Spring
252,1309,2015-03-09,33400.0,34150.0,34150.0,33150.0,34700.0,3621.0,2009-03-06,3200.0,3210.0,3210.0,3200.0,3240.0,19210.0,Spring
253,1309,2016-03-14,26600.0,26880.0,26880.0,26460.0,26980.0,646.0,2009-10-30,4050.0,4080.0,4080.0,4020.0,4080.0,18840.0,Spring
254,1309,2017-03-13,29480.0,29630.0,29630.0,29450.0,29650.0,221.0,2010-03-12,3950.0,3935.0,3935.0,3915.0,3960.0,27260.0,Spring
255,1309,2018-03-12,33700.0,33700.0,33700.0,33700.0,33700.0,0.0,2010-11-05,3990.0,4020.0,4020.0,3990.0,4055.0,51850.0,Spring
256,1309,2019-03-11,30750.0,31750.0,31750.0,30750.0,31850.0,1022.0,2011-03-11,3670.0,3670.0,3670.0,3615.0,3675.0,10290.0,Spring
257,1309,2020-03-09,33550.0,31900.0,31900.0,31900.0,34000.0,1460.0,2011-11-04,2923.0,2925.0,2925.0,2901.0,2930.0,2390.0,Spring
258,1311,2008-03-10,771.969970703125,771.969970703125,771.969970703125,771.969970703125,771.969970703125,0.0,2012-03-09,2860.0,2882.0,2882.0,2839.0,2900.0,2930.0,Spring
259,1311,2009-03-09,412.0,412.0,412.0,412.0,416.0,694400.0,2012-11-02,2449.0,2455.0,2455.0,2430.0,2456.0,2210.0,Spring
260,1311,2010-03-15,539.0,537.0,537.0,536.0,540.0,3060.0,2013-03-08,3210.0,3225.0,3225.0,3200.0,3260.0,7000.0,Spring
261,1311,2011-03-14,475.0,479.0,479.0,471.0,487.0,305040.0,2014-03-07,2848.0,2848.0,2848.0,2835.0,2920.0,2500.0,Spring
262,1311,2012-03-12,459.0,454.0,454.0,454.0,459.0,12650.0,2015-03-06,4990.0,5020.0,5020.0,4970.0,5080.0,3700.0,Spring
263,1311,2013-03-11,560.0,567.0,567.0,559.0,570.0,78720.0,2015-10-30,4540.0,4485.0,4485.0,4455.0,4605.0,4640.0,Spring
264,1311,2014-03-10,655.0,649.0,649.0,649.0,656.0,34840.0,2016-03-11,4630.0,4645.0,4645.0,4630.0,4645.0,100.0,Spring
265,1311,2015-03-09,791.0,788.0,788.0,787.0,792.0,6400.0,2016-11-04,3795.0,3745.0,3745.0,3715.0,3795.0,1030.0,Spring
266,1311,2016-03-14,675.0,675.0,675.0,674.0,680.0,2730.0,2017-03-10,4550.0,4590.0,4590.0,4550.0,4590.0,4250.0,Spring
267,1311,2017-03-13,729.0,726.0,726.0,726.0,730.0,5450.0,2017-11-03,5630.0,5630.0,5630.0,5630.0,5630.0,0.0,Spring
268,1311,2018-03-12,785.0,787.0,787.0,782.0,791.0,1820.0,2018-03-09,5900.0,5990.0,5990.0,5900.0,5990.0,100.0,Spring
269,1311,2019-03-11,723.0,728.0,728.0,723.0,728.0,830.0,2018-11-02,4935.0,4980.0,4980.0,4935.0,5020.0,150.0,Spring
270,1311,2020-03-09,693.0,661.0,661.0,657.0,695.0,13010.0,2019-03-08,5240.0,5200.0,5200.0,5060.0,5240.0,680.0,Spring
271,1312,2009-03-09,0.0,7210.0,7210.0,7180.0,7300.0,23.0,2020-03-06,5940.0,5940.0,5940.0,5730.0,5950.0,700.0,Spring
272,1312,2010-03-15,9170.0,9160.0,9160.0,9130.0,9250.0,150.0,2020-10-30,7190.0,7070.0,7070.0,7070.0,7270.0,240.0,Spring
273,1312,2011-03-14,9050.0,8480.0,8480.0,8470.0,9050.0,500.0,2009-03-06,0.0,168.0,168.0,167.0,168.0,11600.0,Spring
274,1312,2012-03-12,9410.0,9240.0,9240.0,9240.0,9410.0,21.0,2009-10-30,0.0,288.0,288.0,284.0,288.0,48000.0,Spring
275,1312,2013-03-11,11220.0,11270.0,11270.0,11200.0,11370.0,369.0,2010-03-12,306.0,302.0,302.0,302.0,306.0,8300.0,Spring
276,1312,2014-03-10,13480.0,13480.0,13480.0,13480.0,13480.0,10.0,2010-11-05,318.0,325.0,325.0,318.0,325.0,61400.0,Spring
277,1312,2015-03-09,16690.0,16690.0,16690.0,16690.0,16690.0,20.0,2011-03-11,326.0,327.0,327.0,320.0,327.0,9400.0,Spring
278,1312,2016-03-14,16320.0,16310.0,16310.0,16310.0,16320.0,28.0,2011-11-04,282.0,283.0,283.0,282.0,289.0,6500.0,Spring
279,1312,2017-03-13,19120.0,19120.0,19120.0,19120.0,19120.0,0.0,2012-03-09,324.0,324.0,324.0,323.0,325.0,8100.0,Spring
280,1312,2018-03-12,22170.0,21770.0,21770.0,21770.0,22170.0,101.0,2012-11-02,293.0,294.0,294.0,293.0,294.0,3200.0,Spring
281,1312,2019-03-11,19320.0,19260.0,19260.0,18970.0,19320.0,24.0,2013-03-08,348.0,351.0,351.0,348.0,351.0,7400.0,Spring
282,1312,2020-03-09,16530.0,15690.0,15690.0,15690.0,16530.0,73.0,2014-03-07,342.0,339.0,339.0,339.0,342.0,5100.0,Spring
283,1313,2008-03-10,21092.69921875,21092.69921875,21092.69921875,21092.69921875,21092.69921875,0.0,2015-03-06,417.0,414.0,414.0,414.0,417.0,300.0,Spring
284,1313,2009-03-09,975.0,975.0,975.0,975.0,975.0,60.0,2015-10-30,426.2300109863281,426.2300109863281,426.2300109863281,426.2300109863281,426.2300109863281,0.0,Spring
285,1313,2010-03-15,1818.0,1790.0,1790.0,1770.0,1818.0,740.0,2016-03-11,306.0,304.0,304.0,304.0,321.0,4900.0,Spring
286,1313,2011-03-14,1905.0,1945.0,1945.0,1890.0,1960.0,2050.0,2016-11-04,303.0,303.0,303.0,303.0,303.0,700.0,Spring
287,1313,2012-03-12,1939.0,1952.0,1952.0,1939.0,1966.0,360.0,2017-03-10,346.0,351.0,351.0,346.0,351.0,400.0,Spring
288,1313,2013-03-11,2245.0,2220.0,2220.0,2181.0,2245.0,370.0,2017-11-03,362.0,362.0,362.0,362.0,362.0,0.0,Spring
289,1313,2014-03-10,2502.0,2476.0,2476.0,2476.0,2512.0,310.0,2018-03-09,396.0,396.0,396.0,396.0,396.0,0.0,Spring
290,1313,2015-03-09,2806.0,2795.0,2795.0,2795.0,2806.0,230.0,2018-11-02,354.0,355.0,355.0,348.0,355.0,3100.0,Spring
291,1313,2016-03-14,2341.0,2342.0,2342.0,2341.0,2342.0,30.0,2019-03-08,361.0,356.0,356.0,356.0,361.0,1000.0,Spring
292,1313,2017-03-13,2741.0,2767.0,2767.0,2741.0,2767.0,90.0,2020-03-06,351.0,339.0,339.0,324.0,351.0,17900.0,Spring
293,1313,2018-03-12,3235.0,3235.0,3235.0,3235.0,3235.0,40.0,2020-10-30,311.0,311.0,311.0,311.0,311.0,400.0,Spring
294,1313,2019-03-11,2740.0,2900.0,2900.0,2740.0,2900.0,60.0,2009-03-06,0.0,59.0,59.0,57.0,60.0,83000.0,Spring
295,1313,2020-03-09,2410.0,2291.0,2291.0,2241.0,2411.0,1010.0,2009-10-30,0.0,134.0,134.0,134.0,137.0,254500.0,Spring
296,1319,2008-03-10,249.22999572753903,249.22999572753903,249.22999572753903,249.22999572753903,249.22999572753903,0.0,2010-03-12,145.0,144.0,144.0,144.0,145.0,55500.0,Spring
297,1319,2009-03-09,144.0,142.0,142.0,142.0,144.0,48000.0,2010-11-05,133.0,134.0,134.0,133.0,135.0,216000.0,Spring
298,1319,2010-03-15,160.0,174.0,174.0,160.0,174.0,10000.0,2011-03-11,165.0,164.0,164.0,163.0,165.0,87200.0,Spring
299,1319,2011-03-14,135.0,140.0,140.0,135.0,145.0,86000.0,2011-11-04,124.0,122.0,122.0,121.0,124.0,25400.0,Spring
300,1319,2012-03-12,153.0,154.0,154.0,151.0,154.0,4000.0,2012-03-09,136.0,138.0,138.0,136.0,140.0,133500.0,Spring
301,1319,2013-03-11,180.0,180.0,180.0,180.0,183.0,43000.0,2012-11-02,114.0,113.0,113.0,113.0,115.0,14500.0,Spring
302,1319,2014-03-10,218.0,219.0,219.0,218.0,220.0,15000.0,2013-03-08,138.0,137.0,137.0,136.0,138.0,89800.0,Spring
303,1319,2015-03-09,265.0,265.0,265.0,265.0,265.0,1000.0,2014-03-07,115.0,114.0,114.0,112.0,116.0,178000.0,Spring
304,1319,2016-03-14,243.0,246.0,246.0,243.0,246.0,4000.0,2015-03-06,102.0,102.0,102.0,102.0,103.0,725200.0,Spring
305,1319,2017-03-13,288.0,289.0,289.0,284.0,289.0,31000.0,2015-10-30,98.0,100.0,100.0,98.0,100.0,73200.0,Spring
306,1319,2018-03-12,326.0,325.0,325.0,325.0,326.0,4000.0,2016-03-11,92.0,92.0,92.0,90.0,93.0,115000.0,Spring
307,1319,2019-03-11,305.0,305.0,305.0,305.0,305.0,0.0,2016-11-04,99.0,99.0,99.0,99.0,100.0,119200.0,Spring
308,1319,2020-03-09,296.0,290.0,290.0,290.0,296.0,6000.0,2017-03-10,120.0,121.0,121.0,120.0,122.0,351300.0,Spring
309,1320,2009-03-09,0.0,7160.0,7160.0,7140.0,7350.0,260230.0,2017-11-03,126.0,126.0,126.0,126.0,126.0,0.0,Spring
310,1320,2010-03-15,10850.0,10780.0,10780.0,10760.0,10860.0,61680.0,2018-03-09,133.0,132.0,132.0,132.0,133.0,9300.0,Spring
311,1320,2011-03-14,9500.0,9640.0,9640.0,9490.0,9900.0,923560.0,2018-11-02,121.0,123.0,123.0,121.0,124.0,48700.0,Spring
312,1320,2012-03-12,10150.0,9990.0,9990.0,9990.0,10150.0,93382.0,2019-03-08,126.0,125.0,125.0,124.0,126.0,20400.0,Spring
313,1320,2013-03-11,12570.0,12570.0,12570.0,12520.0,12630.0,219805.0,2020-03-06,138.0,135.0,135.0,132.0,138.0,95000.0,Spring
314,1320,2014-03-10,15510.0,15420.0,15420.0,15400.0,15590.0,157636.0,2020-10-30,129.0,128.0,128.0,127.0,129.0,7700.0,Spring
315,1320,2015-03-09,19280.0,19210.0,19210.0,19160.0,19300.0,296246.0,2009-03-06,161.0,163.0,163.0,160.0,163.0,61500.0,Spring
316,1320,2016-03-14,17620.0,17680.0,17680.0,17600.0,17750.0,95485.0,2009-10-30,346.0,345.0,345.0,338.0,347.0,3936900.0,Spring
317,1320,2017-03-13,20070.0,20140.0,20140.0,20050.0,20180.0,56226.0,2010-03-12,320.0,324.0,324.0,319.0,325.0,1107600.0,Spring
318,1320,2018-03-12,22550.0,22430.0,22430.0,22280.0,22590.0,97285.0,2010-11-05,312.0,316.0,316.0,312.0,316.0,612900.0,Spring
319,1320,2019-03-11,21680.0,21720.0,21720.0,21570.0,21770.0,40533.0,2011-03-11,287.0,287.0,287.0,286.0,289.0,144400.0,Spring
320,1320,2020-03-09,20500.0,20260.0,20260.0,20050.0,20560.0,260437.0,2011-11-04,220.0,225.0,225.0,220.0,225.0,87200.0,Spring
321,1321,2009-03-09,0.0,7200.0,7200.0,7180.0,7380.0,997139.0,2012-03-09,262.0,268.0,268.0,262.0,268.0,242600.0,Spring
322,1321,2010-03-15,10890.0,10840.0,10840.0,10800.0,10910.0,201762.0,2012-11-02,204.0,204.0,204.0,204.0,206.0,61500.0,Spring
323,1321,2011-03-14,9660.0,9680.0,9680.0,9630.0,9940.0,1685985.0,2013-03-08,244.0,247.0,247.0,244.0,247.0,221100.0,Spring
324,1321,2012-03-12,10190.0,10030.0,10030.0,10030.0,10190.0,372076.0,2014-03-07,170.0,170.0,170.0,170.0,171.0,53900.0,Spring
325,1321,2013-03-11,12560.0,12580.0,12580.0,12520.0,12640.0,920346.0,2015-03-06,172.0,171.0,171.0,170.0,172.0,354300.0,Spring
326,1321,2014-03-10,15500.0,15430.0,15430.0,15390.0,15580.0,375583.0,2015-10-30,119.0,120.0,120.0,119.0,121.0,96000.0,Spring
327,1321,2015-03-09,19300.0,19220.0,19220.0,19150.0,19310.0,786307.0,2016-03-11,126.0,128.0,128.0,126.0,128.0,568800.0,Spring
328,1321,2016-03-14,17600.0,17660.0,17660.0,17590.0,17750.0,889405.0,2016-11-04,162.0,161.0,161.0,160.0,162.0,234400.0,Spring
329,1321,2017-03-13,20040.0,20130.0,20130.0,20040.0,20170.0,284734.0,2017-03-10,188.0,190.0,190.0,188.0,190.0,99500.0,Spring
330,1321,2018-03-12,22550.0,22460.0,22460.0,22300.0,22600.0,489950.0,2017-11-03,207.0,207.0,207.0,207.0,207.0,0.0,Spring
331,1321,2019-03-11,21710.0,21770.0,21770.0,21580.0,21800.0,116765.0,2018-03-09,217.0,219.0,219.0,216.0,219.0,18300.0,Spring
332,1321,2020-03-09,20530.0,20260.0,20260.0,20070.0,20590.0,853251.0,2018-11-02,211.0,215.0,215.0,210.0,216.0,117400.0,Spring
333,1322,2009-03-09,3240.0,3220.0,3220.0,3200.0,3240.0,22370.0,2019-03-08,207.0,208.0,208.0,207.0,209.0,25900.0,Spring
334,1322,2010-03-15,3910.0,3880.0,3880.0,3875.0,3925.0,35650.0,2020-03-06,180.0,176.0,176.0,175.0,181.0,68800.0,Spring
335,1322,2011-03-14,3505.0,3500.0,3500.0,3400.0,3570.0,62460.0,2020-10-30,145.0,143.0,143.0,142.0,145.0,12500.0,Spring
336,1322,2012-03-12,2890.0,2863.0,2863.0,2862.0,2898.0,4840.0,2009-03-06,9040.0,9060.0,9060.0,9020.0,9070.0,35918.0,Spring
337,1322,2013-03-11,3215.0,3175.0,3175.0,3175.0,3225.0,3650.0,2009-10-30,9360.0,9350.0,9350.0,9350.0,9390.0,8586.0,Spring
338,1322,2014-03-10,2873.0,2810.0,2810.0,2800.0,2873.0,1500.0,2010-03-12,9860.0,9860.0,9860.0,9830.0,9880.0,26766.0,Spring
339,1322,2015-03-09,4920.0,5050.0,5050.0,4910.0,5160.0,3830.0,2010-11-05,10960.0,10950.0,10950.0,10930.0,10980.0,67257.0,Spring
340,1322,2016-03-14,4575.0,4710.0,4710.0,4575.0,4710.0,2120.0,2011-03-11,11420.0,11440.0,11440.0,11410.0,11450.0,52732.0,Spring
341,1322,2017-03-13,4580.0,4590.0,4590.0,4555.0,4590.0,200.0,2011-11-04,13350.0,13400.0,13400.0,13330.0,13400.0,34122.0,Spring
342,1322,2018-03-12,6000.0,6020.0,6020.0,5920.0,6020.0,60.0,2012-03-09,13500.0,13550.0,13550.0,13470.0,13570.0,23367.0,Spring
343,1322,2019-03-11,5100.0,5220.0,5220.0,5100.0,5220.0,380.0,2012-11-02,13330.0,13280.0,13280.0,13270.0,13360.0,4927.0,Spring
344,1322,2020-03-09,6040.0,5800.0,5800.0,5800.0,6040.0,650.0,2013-03-08,14500.0,14550.0,14550.0,14490.0,14570.0,16172.0,Spring
345,1323,2009-03-09,0.0,171.0,171.0,164.0,171.0,10800.0,2014-03-07,13400.0,13400.0,13400.0,13380.0,13420.0,13129.0,Spring
346,1323,2010-03-15,304.0,305.0,305.0,304.0,308.0,46500.0,2015-03-06,13850.0,13800.0,13800.0,13800.0,13850.0,16371.0,Spring
347,1323,2011-03-14,293.0,324.0,324.0,291.0,324.0,93600.0,2015-10-30,13310.0,13310.0,13310.0,13240.0,13350.0,2095.0,Spring
348,1323,2012-03-12,326.0,326.0,326.0,326.0,329.0,12700.0,2016-03-11,13700.0,13810.0,13810.0,13700.0,13890.0,15351.0,Spring
349,1323,2013-03-11,353.0,356.0,356.0,353.0,356.0,5900.0,2016-11-04,12800.0,12770.0,12770.0,12760.0,12820.0,4788.0,Spring
350,1323,2014-03-10,345.0,340.0,340.0,340.0,345.0,2700.0,2017-03-10,13160.0,13170.0,13170.0,13140.0,13170.0,1927.0,Spring
351,1323,2015-03-09,415.0,413.0,413.0,413.0,415.0,2600.0,2017-11-03,13820.0,13820.0,13820.0,13820.0,13820.0,0.0,Spring
352,1323,2016-03-14,311.0,313.0,313.0,311.0,313.0,200.0,2018-03-09,13330.0,13340.0,13340.0,13320.0,13360.0,938.0,Spring
353,1323,2017-03-13,344.0,351.0,351.0,344.0,351.0,600.0,2018-11-02,13120.0,13180.0,13180.0,13120.0,13200.0,2798.0,Spring
354,1323,2018-03-12,396.0,396.0,396.0,396.0,415.0,2400.0,2019-03-08,13550.0,13530.0,13530.0,13530.0,13570.0,961.0,Spring
355,1323,2019-03-11,358.0,358.0,358.0,358.0,358.0,600.0,2020-03-06,16700.0,16740.0,16740.0,16610.0,16750.0,15776.0,Spring
356,1323,2020-03-09,329.0,324.0,324.0,316.0,336.0,2700.0,2020-10-30,18330.0,18280.0,18280.0,18270.0,18410.0,8790.0,Spring
357,1324,2009-03-09,0.0,60.0,60.0,58.0,60.0,56800.0,2009-03-06,3130.0,3130.0,3130.0,3120.0,3130.0,2160.0,Spring
358,1324,2010-03-15,146.0,146.0,146.0,145.0,147.0,124300.0,2009-10-30,4020.0,4000.0,4000.0,3960.0,4020.0,1409.0,Spring
359,1324,2011-03-14,150.0,158.0,158.0,150.0,159.0,392900.0,2010-03-12,3890.0,3850.0,3850.0,3800.0,3890.0,952.0,Spring
360,1324,2012-03-12,141.0,141.0,141.0,139.0,141.0,85300.0,2010-11-05,3510.0,3490.0,3490.0,3405.0,3510.0,190.0,Spring
361,1324,2013-03-11,138.0,139.0,139.0,137.0,139.0,153400.0,2011-03-11,4300.0,4295.0,4295.0,4280.0,4335.0,509.0,Spring
362,1324,2014-03-10,115.0,114.0,114.0,113.0,115.0,123000.0,2011-11-04,3830.0,3900.0,3900.0,3780.0,3920.0,436.0,Spring
363,1324,2015-03-09,102.0,103.0,103.0,102.0,103.0,159700.0,2012-03-09,3845.0,3860.0,3860.0,3845.0,3865.0,294.0,Spring
364,1324,2016-03-14,93.0,92.0,92.0,92.0,93.0,144500.0,2012-11-02,3690.0,3695.0,3695.0,3665.0,3695.0,162.0,Spring
365,1324,2017-03-13,120.0,119.0,119.0,119.0,121.0,120800.0,2013-03-08,4330.0,4330.0,4330.0,4170.0,4380.0,1101.0,Spring
366,1324,2018-03-12,134.0,133.0,133.0,133.0,134.0,32100.0,2014-03-07,4685.0,4620.0,4620.0,4600.0,4690.0,63.0,Spring
367,1324,2019-03-11,125.0,125.0,125.0,125.0,125.0,1200.0,2015-03-06,4200.0,4200.0,4200.0,4200.0,4200.0,61.0,Spring
368,1324,2020-03-09,125.0,125.0,125.0,123.0,129.0,134700.0,2015-10-30,3745.0,3685.0,3685.0,3685.0,3745.0,15.0,Spring
369,1325,2009-03-09,162.0,162.0,162.0,160.0,162.0,16400.0,2016-03-11,3505.0,3385.0,3385.0,3375.0,3505.0,48.0,Spring
370,1325,2010-03-15,323.0,322.0,322.0,320.0,324.0,306700.0,2016-11-04,2850.0,2850.0,2850.0,2842.0,2850.0,186.0,Spring
371,1325,2011-03-14,276.0,284.0,284.0,275.0,284.0,692300.0,2017-03-10,3370.0,3355.0,3355.0,3355.0,3370.0,14.0,Spring
372,1325,2012-03-12,266.0,264.0,264.0,264.0,267.0,117500.0,2017-11-03,3235.0,3235.0,3235.0,3235.0,3235.0,0.0,Spring
373,1325,2013-03-11,246.0,248.0,248.0,246.0,249.0,175800.0,2018-03-09,3250.0,3250.0,3250.0,3250.0,3255.0,12.0,Spring
374,1325,2014-03-10,170.0,169.0,169.0,168.0,170.0,57400.0,2018-11-02,3365.0,3370.0,3370.0,3365.0,3370.0,40.0,Spring
375,1325,2015-03-09,170.0,168.0,168.0,167.0,170.0,337500.0,2019-03-08,3230.0,3230.0,3230.0,3230.0,3230.0,0.0,Spring
376,1325,2016-03-14,129.0,129.0,129.0,129.0,130.0,367500.0,2020-03-06,3095.0,3095.0,3095.0,3095.0,3095.0,9.0,Spring
377,1325,2017-03-13,190.0,190.0,190.0,190.0,191.0,76100.0,2020-10-30,2608.0,2608.0,2608.0,2608.0,2608.0,12.0,Spring
378,1325,2018-03-12,224.0,221.0,221.0,220.0,224.0,33400.0,2009-03-06,0.0,2865.0,2865.0,2830.0,2870.0,283160.0,Spring
379,1325,2019-03-11,208.0,209.0,209.0,208.0,210.0,14700.0,2009-10-30,0.0,2800.0,2800.0,2800.0,2820.0,72870.0,Spring
380,1325,2020-03-09,168.0,160.0,160.0,158.0,168.0,166600.0,2010-03-12,2994.0,2982.0,2982.0,2982.0,3000.0,22370.0,Spring
381,1326,2009-03-09,9060.0,9040.0,9040.0,9030.0,9060.0,20929.0,2010-11-05,3225.0,3250.0,3250.0,3215.0,3250.0,107600.0,Spring
382,1326,2010-03-15,9820.0,9800.0,9800.0,9790.0,9820.0,33318.0,2011-03-11,3410.0,3415.0,3415.0,3405.0,3420.0,15720.0,Spring
383,1326,2011-03-14,11330.0,11410.0,11410.0,11320.0,11480.0,93066.0,2011-11-04,4095.0,4120.0,4120.0,4090.0,4120.0,34880.0,Spring
384,1326,2012-03-12,13720.0,13630.0,13630.0,13610.0,13720.0,21445.0,2012-03-09,4075.0,4075.0,4075.0,4050.0,4080.0,15760.0,Spring
385,1326,2013-03-11,14690.0,14660.0,14660.0,14640.0,14720.0,6143.0,2012-11-02,4010.0,3980.0,3980.0,3980.0,4010.0,6590.0,Spring
386,1326,2014-03-10,13310.0,13260.0,13260.0,13230.0,13320.0,8733.0,2013-03-08,4310.0,4330.0,4330.0,4310.0,4345.0,13780.0,Spring
387,1326,2015-03-09,13570.0,13630.0,13630.0,13540.0,13660.0,15241.0,2014-03-07,3725.0,3730.0,3730.0,3715.0,3740.0,11690.0,Spring
388,1326,2016-03-14,13630.0,13670.0,13670.0,13610.0,13680.0,5309.0,2015-03-06,3930.0,3955.0,3955.0,3930.0,3955.0,1510.0,Spring
389,1326,2017-03-13,13170.0,13180.0,13180.0,13170.0,13200.0,3026.0,2015-10-30,3770.0,3780.0,3780.0,3755.0,3785.0,2030.0,Spring
390,1326,2018-03-12,13410.0,13370.0,13370.0,13350.0,13410.0,4272.0,2016-03-11,3845.0,3850.0,3850.0,3820.0,3865.0,6520.0,Spring
391,1326,2019-03-11,13600.0,13620.0,13620.0,13600.0,13630.0,2229.0,2016-11-04,3600.0,3610.0,3610.0,3600.0,3635.0,3370.0,Spring
392,1326,2020-03-09,16690.0,16250.0,16250.0,16030.0,16690.0,41944.0,2017-03-10,3610.0,3610.0,3610.0,3610.0,3625.0,870.0,Spring
393,1327,2009-03-09,3300.0,3300.0,3300.0,3280.0,3300.0,1766.0,2017-11-03,3775.0,3775.0,3775.0,3775.0,3775.0,0.0,Spring
394,1327,2010-03-15,3850.0,3850.0,3850.0,3830.0,3855.0,137.0,2018-03-09,3715.0,3715.0,3715.0,3715.0,3715.0,0.0,Spring
395,1327,2011-03-14,4015.0,4050.0,4050.0,3950.0,4320.0,4344.0,2018-11-02,3640.0,3615.0,3615.0,3615.0,3695.0,2950.0,Spring
396,1327,2012-03-12,3820.0,3815.0,3815.0,3815.0,3900.0,987.0,2019-03-08,3720.0,3710.0,3710.0,3700.0,3730.0,1180.0,Spring
397,1327,2013-03-11,4410.0,4350.0,4350.0,4215.0,4425.0,1764.0,2020-03-06,4645.0,4605.0,4605.0,4585.0,4655.0,6580.0,Spring
398,1327,2014-03-10,4620.0,4620.0,4620.0,4615.0,4620.0,5.0,2020-10-30,5010.0,5000.0,5000.0,4995.0,5040.0,20010.0,Spring
399,1327,2015-03-09,4230.0,4145.0,4145.0,4145.0,4230.0,206.0,2008-03-07,12837.0,12837.0,12837.0,12837.0,12837.0,0.0,Spring
400,1327,2016-03-14,3450.0,3450.0,3450.0,3450.0,3450.0,26.0,2009-03-06,7300.0,7280.0,7280.0,7250.0,7320.0,5180.0,Spring
401,1327,2017-03-13,3385.0,3365.0,3365.0,3365.0,3385.0,16.0,2009-10-30,10110.0,10050.0,10050.0,10050.0,10110.0,2110.0,Spring
402,1327,2018-03-12,3280.0,3265.0,3265.0,3265.0,3280.0,35.0,2010-03-12,10800.0,10790.0,10790.0,10750.0,10820.0,2660.0,Spring
403,1327,2019-03-11,3230.0,3230.0,3230.0,3230.0,3230.0,0.0,2010-11-05,9550.0,9650.0,9650.0,9550.0,9700.0,3930.0,Spring
404,1327,2020-03-09,3055.0,3020.0,3020.0,3020.0,3055.0,130.0,2011-03-11,10410.0,10330.0,10330.0,10300.0,10420.0,3230.0,Spring
405,1328,2009-03-09,0.0,2855.0,2855.0,2850.0,2870.0,102290.0,2011-11-04,8840.0,8850.0,8850.0,8800.0,8870.0,26110.0,Spring
406,1328,2010-03-15,2982.0,2986.0,2986.0,2978.0,2997.0,32630.0,2012-03-09,9960.0,10000.0,10000.0,9930.0,10080.0,12140.0,Spring
407,1328,2011-03-14,3370.0,3405.0,3405.0,3370.0,3425.0,66740.0,2012-11-02,9160.0,9130.0,9130.0,9130.0,9160.0,860.0,Spring
408,1328,2012-03-12,4120.0,4090.0,4090.0,4090.0,4125.0,17000.0,2013-03-08,12230.0,12410.0,12410.0,12230.0,12410.0,8170.0,Spring
409,1328,2013-03-11,4365.0,4375.0,4375.0,4355.0,4380.0,17600.0,2014-03-07,15590.0,15600.0,15600.0,15480.0,15650.0,4440.0,Spring
410,1328,2014-03-10,3710.0,3690.0,3690.0,3685.0,3710.0,2850.0,2015-03-06,19190.0,19350.0,19350.0,19190.0,19350.0,11304.0,Spring
411,1328,2015-03-09,3930.0,3935.0,3935.0,3905.0,3945.0,4170.0,2015-10-30,19480.0,19630.0,19630.0,19340.0,19750.0,8135.0,Spring
412,1328,2016-03-14,3835.0,3790.0,3790.0,3675.0,3840.0,12360.0,2016-03-11,17100.0,17360.0,17360.0,16990.0,17400.0,6443.0,Spring
413,1328,2017-03-13,3610.0,3610.0,3610.0,3605.0,3615.0,1810.0,2016-11-04,17470.0,17370.0,17370.0,17290.0,17470.0,4158.0,Spring
414,1328,2018-03-12,3710.0,3730.0,3730.0,3710.0,3730.0,840.0,2017-03-10,19920.0,20080.0,20080.0,19900.0,20080.0,6641.0,Spring
415,1328,2019-03-11,3740.0,3720.0,3720.0,3685.0,3745.0,1820.0,2017-11-03,23210.0,23210.0,23210.0,23210.0,23210.0,0.0,Spring
416,1328,2020-03-09,4700.0,4630.0,4630.0,4590.0,4705.0,18480.0,2018-03-09,22110.0,21990.0,21990.0,21920.0,22410.0,17475.0,Spring
417,1329,2008-03-10,12587.0,12587.0,12587.0,12587.0,12587.0,0.0,2018-11-02,22510.0,22950.0,22950.0,22510.0,23020.0,11644.0,Spring
418,1329,2009-03-09,7210.0,7270.0,7270.0,7160.0,7270.0,2520.0,2019-03-08,21890.0,21590.0,21590.0,21570.0,21890.0,12066.0,Spring
419,1329,2010-03-15,10860.0,10810.0,10810.0,10780.0,10890.0,3200.0,2020-03-06,21550.0,21300.0,21300.0,21170.0,21620.0,89010.0,Spring
420,1329,2011-03-14,9680.0,9800.0,9800.0,9620.0,9870.0,16800.0,2020-10-30,24110.0,23790.0,23790.0,23750.0,24120.0,13567.0,Spring
421,1329,2012-03-12,10100.0,9990.0,9990.0,9970.0,10110.0,7990.0,2008-03-07,13033.0,13033.0,13033.0,13033.0,13033.0,0.0,Spring
422,1329,2013-03-11,12490.0,12470.0,12470.0,12450.0,12540.0,30140.0,2009-03-06,7274.0,7340.0,7340.0,7274.0,7410.0,316300.0,Spring
423,1329,2014-03-10,15500.0,15440.0,15440.0,15410.0,15570.0,1790.0,2009-10-30,10190.0,10150.0,10150.0,10120.0,10200.0,211840.0,Spring
424,1329,2015-03-09,19270.0,19180.0,19180.0,19120.0,19270.0,16654.0,2010-03-12,10890.0,10910.0,10910.0,10850.0,10930.0,710640.0,Spring
425,1329,2016-03-14,17590.0,17640.0,17640.0,17560.0,17720.0,10315.0,2010-11-05,9660.0,9770.0,9770.0,9650.0,9820.0,630300.0,Spring
426,1329,2017-03-13,20010.0,20110.0,20110.0,20000.0,20130.0,5381.0,2011-03-11,10500.0,10420.0,10420.0,10390.0,10550.0,487620.0,Spring
427,1329,2018-03-12,22480.0,22360.0,22360.0,22210.0,22500.0,17976.0,2011-11-04,8920.0,8930.0,8930.0,8870.0,8960.0,234090.0,Spring
428,1329,2019-03-11,21630.0,21690.0,21690.0,21510.0,21720.0,2402.0,2012-03-09,10070.0,10110.0,10110.0,10020.0,10180.0,473250.0,Spring
429,1329,2020-03-09,20450.0,20180.0,20180.0,20000.0,20500.0,59073.0,2012-11-02,9240.0,9250.0,9250.0,9220.0,9260.0,84910.0,Spring
430,1330,2008-03-10,12777.0,12777.0,12777.0,12777.0,12777.0,0.0,2013-03-08,12380.0,12550.0,12550.0,12350.0,12550.0,423290.0,Spring
431,1330,2009-03-09,7250.0,7270.0,7270.0,7170.0,7300.0,472310.0,2014-03-07,15650.0,15660.0,15660.0,15510.0,15690.0,371120.0,Spring
432,1330,2010-03-15,10960.0,10900.0,10900.0,10860.0,10970.0,118490.0,2015-03-06,19310.0,19470.0,19470.0,19300.0,19470.0,206200.0,Spring
433,1330,2011-03-14,9820.0,9780.0,9780.0,9740.0,9980.0,1031370.0,2015-10-30,19440.0,19630.0,19630.0,19300.0,19740.0,173670.0,Spring
434,1330,2012-03-12,10200.0,10060.0,10060.0,10060.0,10210.0,203350.0,2016-03-11,17080.0,17420.0,17420.0,17040.0,17510.0,147200.0,Spring
435,1330,2013-03-11,12630.0,12630.0,12630.0,12560.0,12680.0,377410.0,2016-11-04,17450.0,17370.0,17370.0,17270.0,17470.0,149260.0,Spring
436,1330,2014-03-10,15570.0,15490.0,15490.0,15460.0,15640.0,365230.0,2017-03-10,20020.0,20190.0,20190.0,20010.0,20190.0,150580.0,Spring
437,1330,2015-03-09,19360.0,19280.0,19280.0,19230.0,19370.0,226450.0,2017-11-03,23220.0,23220.0,23220.0,23220.0,23220.0,0.0,Spring
438,1330,2016-03-14,17690.0,17720.0,17720.0,17640.0,17800.0,110200.0,2018-03-09,22250.0,22130.0,22130.0,22030.0,22570.0,188620.0,Spring
439,1330,2017-03-13,20100.0,20190.0,20190.0,20090.0,20230.0,45330.0,2018-11-02,22540.0,22960.0,22960.0,22500.0,23010.0,109130.0,Spring
440,1330,2018-03-12,22630.0,22540.0,22540.0,22380.0,22670.0,135590.0,2019-03-08,22040.0,21740.0,21740.0,21710.0,22050.0,62960.0,Spring
441,1330,2019-03-11,21790.0,21820.0,21820.0,21650.0,21860.0,32580.0,2020-03-06,21700.0,21430.0,21430.0,21320.0,21770.0,139910.0,Spring
442,1330,2020-03-09,20590.0,20280.0,20280.0,20140.0,20630.0,173150.0,2020-10-30,24040.0,23720.0,23720.0,23680.0,24040.0,95180.0,Spring
