,Fridays,Mondays
0,1970-01-02,1970-01-05
1,1970-01-09,1970-01-12
2,1970-01-16,1970-01-19
3,1970-01-23,1970-01-26
4,1970-01-30,1970-02-02
5,1970-02-06,1970-02-09
6,1970-02-13,1970-02-16
7,1970-02-20,1970-02-23
8,1970-02-27,1970-03-02
9,1970-03-06,1970-03-09
10,1970-03-13,1970-03-16
11,1970-03-20,1970-03-23
12,1970-03-27,1970-03-30
13,1970-04-03,1970-04-06
14,1970-04-10,1970-04-13
15,1970-04-17,1970-04-20
16,1970-04-24,1970-04-27
17,1970-05-01,1970-05-04
18,1970-05-08,1970-05-11
19,1970-05-15,1970-05-18
20,1970-05-22,1970-05-25
21,1970-05-29,1970-06-01
22,1970-06-05,1970-06-08
23,1970-06-12,1970-06-15
24,1970-06-19,1970-06-22
25,1970-06-26,1970-06-29
26,1970-07-03,1970-07-06
27,1970-07-10,1970-07-13
28,1970-07-17,1970-07-20
29,1970-07-24,1970-07-27
30,1970-07-31,1970-08-03
31,1970-08-07,1970-08-10
32,1970-08-14,1970-08-17
33,1970-08-21,1970-08-24
34,1970-08-28,1970-08-31
35,1970-09-04,1970-09-07
36,1970-09-11,1970-09-14
37,1970-09-18,1970-09-21
38,1970-09-25,1970-09-28
39,1970-10-02,1970-10-05
40,1970-10-09,1970-10-12
41,1970-10-16,1970-10-19
42,1970-10-23,1970-10-26
43,1970-10-30,1970-11-02
44,1970-11-06,1970-11-09
45,1970-11-13,1970-11-16
46,1970-11-20,1970-11-23
47,1970-11-27,1970-11-30
48,1970-12-04,1970-12-07
49,1970-12-11,1970-12-14
50,1970-12-18,1970-12-21
51,1970-12-25,1970-12-28
52,1971-01-01,1971-01-04
53,1971-01-08,1971-01-11
54,1971-01-15,1971-01-18
55,1971-01-22,1971-01-25
56,1971-01-29,1971-02-01
57,1971-02-05,1971-02-08
58,1971-02-12,1971-02-15
59,1971-02-19,1971-02-22
60,1971-02-26,1971-03-01
61,1971-03-05,1971-03-08
62,1971-03-12,1971-03-15
63,1971-03-19,1971-03-22
64,1971-03-26,1971-03-29
65,1971-04-02,1971-04-05
66,1971-04-09,1971-04-12
67,1971-04-16,1971-04-19
68,1971-04-23,1971-04-26
69,1971-04-30,1971-05-03
70,1971-05-07,1971-05-10
71,1971-05-14,1971-05-17
72,1971-05-21,1971-05-24
73,1971-05-28,1971-05-31
74,1971-06-04,1971-06-07
75,1971-06-11,1971-06-14
76,1971-06-18,1971-06-21
77,1971-06-25,1971-06-28
78,1971-07-02,1971-07-05
79,1971-07-09,1971-07-12
80,1971-07-16,1971-07-19
81,1971-07-23,1971-07-26
82,1971-07-30,1971-08-02
83,1971-08-06,1971-08-09
84,1971-08-13,1971-08-16
85,1971-08-20,1971-08-23
86,1971-08-27,1971-08-30
87,1971-09-03,1971-09-06
88,1971-09-10,1971-09-13
89,1971-09-17,1971-09-20
90,1971-09-24,1971-09-27
91,1971-10-01,1971-10-04
92,1971-10-08,1971-10-11
93,1971-10-15,1971-10-18
94,1971-10-22,1971-10-25
95,1971-10-29,1971-11-01
96,1971-11-05,1971-11-08
97,1971-11-12,1971-11-15
98,1971-11-19,1971-11-22
99,1971-11-26,1971-11-29
100,1971-12-03,1971-12-06
101,1971-12-10,1971-12-13
102,1971-12-17,1971-12-20
103,1971-12-24,1971-12-27
104,1971-12-31,1972-01-03
105,1972-01-07,1972-01-10
106,1972-01-14,1972-01-17
107,1972-01-21,1972-01-24
108,1972-01-28,1972-01-31
109,1972-02-04,1972-02-07
110,1972-02-11,1972-02-14
111,1972-02-18,1972-02-21
112,1972-02-25,1972-02-28
113,1972-03-03,1972-03-06
114,1972-03-10,1972-03-13
115,1972-03-17,1972-03-20
116,1972-03-24,1972-03-27
117,1972-03-31,1972-04-03
118,1972-04-07,1972-04-10
119,1972-04-14,1972-04-17
120,1972-04-21,1972-04-24
121,1972-04-28,1972-05-01
122,1972-05-05,1972-05-08
123,1972-05-12,1972-05-15
124,1972-05-19,1972-05-22
125,1972-05-26,1972-05-29
126,1972-06-02,1972-06-05
127,1972-06-09,1972-06-12
128,1972-06-16,1972-06-19
129,1972-06-23,1972-06-26
130,1972-06-30,1972-07-03
131,1972-07-07,1972-07-10
132,1972-07-14,1972-07-17
133,1972-07-21,1972-07-24
134,1972-07-28,1972-07-31
135,1972-08-04,1972-08-07
136,1972-08-11,1972-08-14
137,1972-08-18,1972-08-21
138,1972-08-25,1972-08-28
139,1972-09-01,1972-09-04
140,1972-09-08,1972-09-11
141,1972-09-15,1972-09-18
142,1972-09-22,1972-09-25
143,1972-09-29,1972-10-02
144,1972-10-06,1972-10-09
145,1972-10-13,1972-10-16
146,1972-10-20,1972-10-23
147,1972-10-27,1972-10-30
148,1972-11-03,1972-11-06
149,1972-11-10,1972-11-13
150,1972-11-17,1972-11-20
151,1972-11-24,1972-11-27
152,1972-12-01,1972-12-04
153,1972-12-08,1972-12-11
154,1972-12-15,1972-12-18
155,1972-12-22,1972-12-25
156,1972-12-29,1973-01-01
157,1973-01-05,1973-01-08
158,1973-01-12,1973-01-15
159,1973-01-19,1973-01-22
160,1973-01-26,1973-01-29
161,1973-02-02,1973-02-05
162,1973-02-09,1973-02-12
163,1973-02-16,1973-02-19
164,1973-02-23,1973-02-26
165,1973-03-02,1973-03-05
166,1973-03-09,1973-03-12
167,1973-03-16,1973-03-19
168,1973-03-23,1973-03-26
169,1973-03-30,1973-04-02
170,1973-04-06,1973-04-09
171,1973-04-13,1973-04-16
172,1973-04-20,1973-04-23
173,1973-04-27,1973-04-30
174,1973-05-04,1973-05-07
175,1973-05-11,1973-05-14
176,1973-05-18,1973-05-21
177,1973-05-25,1973-05-28
178,1973-06-01,1973-06-04
179,1973-06-08,1973-06-11
180,1973-06-15,1973-06-18
181,1973-06-22,1973-06-25
182,1973-06-29,1973-07-02
183,1973-07-06,1973-07-09
184,1973-07-13,1973-07-16
185,1973-07-20,1973-07-23
186,1973-07-27,1973-07-30
187,1973-08-03,1973-08-06
188,1973-08-10,1973-08-13
189,1973-08-17,1973-08-20
190,1973-08-24,1973-08-27
191,1973-08-31,1973-09-03
192,1973-09-07,1973-09-10
193,1973-09-14,1973-09-17
194,1973-09-21,1973-09-24
195,1973-09-28,1973-10-01
196,1973-10-05,1973-10-08
197,1973-10-12,1973-10-15
198,1973-10-19,1973-10-22
199,1973-10-26,1973-10-29
200,1973-11-02,1973-11-05
201,1973-11-09,1973-11-12
202,1973-11-16,1973-11-19
203,1973-11-23,1973-11-26
204,1973-11-30,1973-12-03
205,1973-12-07,1973-12-10
206,1973-12-14,1973-12-17
207,1973-12-21,1973-12-24
208,1973-12-28,1973-12-31
209,1974-01-04,1974-01-07
210,1974-01-11,1974-01-14
211,1974-01-18,1974-01-21
212,1974-01-25,1974-01-28
213,1974-02-01,1974-02-04
214,1974-02-08,1974-02-11
215,1974-02-15,1974-02-18
216,1974-02-22,1974-02-25
217,1974-03-01,1974-03-04
218,1974-03-08,1974-03-11
219,1974-03-15,1974-03-18
220,1974-03-22,1974-03-25
221,1974-03-29,1974-04-01
222,1974-04-05,1974-04-08
223,1974-04-12,1974-04-15
224,1974-04-19,1974-04-22
225,1974-04-26,1974-04-29
226,1974-05-03,1974-05-06
227,1974-05-10,1974-05-13
228,1974-05-17,1974-05-20
229,1974-05-24,1974-05-27
230,1974-05-31,1974-06-03
231,1974-06-07,1974-06-10
232,1974-06-14,1974-06-17
233,1974-06-21,1974-06-24
234,1974-06-28,1974-07-01
235,1974-07-05,1974-07-08
236,1974-07-12,1974-07-15
237,1974-07-19,1974-07-22
238,1974-07-26,1974-07-29
239,1974-08-02,1974-08-05
240,1974-08-09,1974-08-12
241,1974-08-16,1974-08-19
242,1974-08-23,1974-08-26
243,1974-08-30,1974-09-02
244,1974-09-06,1974-09-09
245,1974-09-13,1974-09-16
246,1974-09-20,1974-09-23
247,1974-09-27,1974-09-30
248,1974-10-04,1974-10-07
249,1974-10-11,1974-10-14
250,1974-10-18,1974-10-21
251,1974-10-25,1974-10-28
252,1974-11-01,1974-11-04
253,1974-11-08,1974-11-11
254,1974-11-15,1974-11-18
255,1974-11-22,1974-11-25
256,1974-11-29,1974-12-02
257,1974-12-06,1974-12-09
258,1974-12-13,1974-12-16
259,1974-12-20,1974-12-23
260,1974-12-27,1974-12-30
261,1975-01-03,1975-01-06
262,1975-01-10,1975-01-13
263,1975-01-17,1975-01-20
264,1975-01-24,1975-01-27
265,1975-01-31,1975-02-03
266,1975-02-07,1975-02-10
267,1975-02-14,1975-02-17
268,1975-02-21,1975-02-24
269,1975-02-28,1975-03-03
270,1975-03-07,1975-03-10
271,1975-03-14,1975-03-17
272,1975-03-21,1975-03-24
273,1975-03-28,1975-03-31
274,1975-04-04,1975-04-07
275,1975-04-11,1975-04-14
276,1975-04-18,1975-04-21
277,1975-04-25,1975-04-28
278,1975-05-02,1975-05-05
279,1975-05-09,1975-05-12
280,1975-05-16,1975-05-19
281,1975-05-23,1975-05-26
282,1975-05-30,1975-06-02
283,1975-06-06,1975-06-09
284,1975-06-13,1975-06-16
285,1975-06-20,1975-06-23
286,1975-06-27,1975-06-30
287,1975-07-04,1975-07-07
288,1975-07-11,1975-07-14
289,1975-07-18,1975-07-21
290,1975-07-25,1975-07-28
291,1975-08-01,1975-08-04
292,1975-08-08,1975-08-11
293,1975-08-15,1975-08-18
294,1975-08-22,1975-08-25
295,1975-08-29,1975-09-01
296,1975-09-05,1975-09-08
297,1975-09-12,1975-09-15
298,1975-09-19,1975-09-22
299,1975-09-26,1975-09-29
300,1975-10-03,1975-10-06
301,1975-10-10,1975-10-13
302,1975-10-17,1975-10-20
303,1975-10-24,1975-10-27
304,1975-10-31,1975-11-03
305,1975-11-07,1975-11-10
306,1975-11-14,1975-11-17
307,1975-11-21,1975-11-24
308,1975-11-28,1975-12-01
309,1975-12-05,1975-12-08
310,1975-12-12,1975-12-15
311,1975-12-19,1975-12-22
312,1975-12-26,1975-12-29
313,1976-01-02,1976-01-05
314,1976-01-09,1976-01-12
315,1976-01-16,1976-01-19
316,1976-01-23,1976-01-26
317,1976-01-30,1976-02-02
318,1976-02-06,1976-02-09
319,1976-02-13,1976-02-16
320,1976-02-20,1976-02-23
321,1976-02-27,1976-03-01
322,1976-03-05,1976-03-08
323,1976-03-12,1976-03-15
324,1976-03-19,1976-03-22
325,1976-03-26,1976-03-29
326,1976-04-02,1976-04-05
327,1976-04-09,1976-04-12
328,1976-04-16,1976-04-19
329,1976-04-23,1976-04-26
330,1976-04-30,1976-05-03
331,1976-05-07,1976-05-10
332,1976-05-14,1976-05-17
333,1976-05-21,1976-05-24
334,1976-05-28,1976-05-31
335,1976-06-04,1976-06-07
336,1976-06-11,1976-06-14
337,1976-06-18,1976-06-21
338,1976-06-25,1976-06-28
339,1976-07-02,1976-07-05
340,1976-07-09,1976-07-12
341,1976-07-16,1976-07-19
342,1976-07-23,1976-07-26
343,1976-07-30,1976-08-02
344,1976-08-06,1976-08-09
345,1976-08-13,1976-08-16
346,1976-08-20,1976-08-23
347,1976-08-27,1976-08-30
348,1976-09-03,1976-09-06
349,1976-09-10,1976-09-13
350,1976-09-17,1976-09-20
351,1976-09-24,1976-09-27
352,1976-10-01,1976-10-04
353,1976-10-08,1976-10-11
354,1976-10-15,1976-10-18
355,1976-10-22,1976-10-25
356,1976-10-29,1976-11-01
357,1976-11-05,1976-11-08
358,1976-11-12,1976-11-15
359,1976-11-19,1976-11-22
360,1976-11-26,1976-11-29
361,1976-12-03,1976-12-06
362,1976-12-10,1976-12-13
363,1976-12-17,1976-12-20
364,1976-12-24,1976-12-27
365,1976-12-31,1977-01-03
366,1977-01-07,1977-01-10
367,1977-01-14,1977-01-17
368,1977-01-21,1977-01-24
369,1977-01-28,1977-01-31
370,1977-02-04,1977-02-07
371,1977-02-11,1977-02-14
372,1977-02-18,1977-02-21
373,1977-02-25,1977-02-28
374,1977-03-04,1977-03-07
375,1977-03-11,1977-03-14
376,1977-03-18,1977-03-21
377,1977-03-25,1977-03-28
378,1977-04-01,1977-04-04
379,1977-04-08,1977-04-11
380,1977-04-15,1977-04-18
381,1977-04-22,1977-04-25
382,1977-04-29,1977-05-02
383,1977-05-06,1977-05-09
384,1977-05-13,1977-05-16
385,1977-05-20,1977-05-23
386,1977-05-27,1977-05-30
387,1977-06-03,1977-06-06
388,1977-06-10,1977-06-13
389,1977-06-17,1977-06-20
390,1977-06-24,1977-06-27
391,1977-07-01,1977-07-04
392,1977-07-08,1977-07-11
393,1977-07-15,1977-07-18
394,1977-07-22,1977-07-25
395,1977-07-29,1977-08-01
396,1977-08-05,1977-08-08
397,1977-08-12,1977-08-15
398,1977-08-19,1977-08-22
399,1977-08-26,1977-08-29
400,1977-09-02,1977-09-05
401,1977-09-09,1977-09-12
402,1977-09-16,1977-09-19
403,1977-09-23,1977-09-26
404,1977-09-30,1977-10-03
405,1977-10-07,1977-10-10
406,1977-10-14,1977-10-17
407,1977-10-21,1977-10-24
408,1977-10-28,1977-10-31
409,1977-11-04,1977-11-07
410,1977-11-11,1977-11-14
411,1977-11-18,1977-11-21
412,1977-11-25,1977-11-28
413,1977-12-02,1977-12-05
414,1977-12-09,1977-12-12
415,1977-12-16,1977-12-19
416,1977-12-23,1977-12-26
417,1977-12-30,1978-01-02
418,1978-01-06,1978-01-09
419,1978-01-13,1978-01-16
420,1978-01-20,1978-01-23
421,1978-01-27,1978-01-30
422,1978-02-03,1978-02-06
423,1978-02-10,1978-02-13
424,1978-02-17,1978-02-20
425,1978-02-24,1978-02-27
426,1978-03-03,1978-03-06
427,1978-03-10,1978-03-13
428,1978-03-17,1978-03-20
429,1978-03-24,1978-03-27
430,1978-03-31,1978-04-03
431,1978-04-07,1978-04-10
432,1978-04-14,1978-04-17
433,1978-04-21,1978-04-24
434,1978-04-28,1978-05-01
435,1978-05-05,1978-05-08
436,1978-05-12,1978-05-15
437,1978-05-19,1978-05-22
438,1978-05-26,1978-05-29
439,1978-06-02,1978-06-05
440,1978-06-09,1978-06-12
441,1978-06-16,1978-06-19
442,1978-06-23,1978-06-26
443,1978-06-30,1978-07-03
444,1978-07-07,1978-07-10
445,1978-07-14,1978-07-17
446,1978-07-21,1978-07-24
447,1978-07-28,1978-07-31
448,1978-08-04,1978-08-07
449,1978-08-11,1978-08-14
450,1978-08-18,1978-08-21
451,1978-08-25,1978-08-28
452,1978-09-01,1978-09-04
453,1978-09-08,1978-09-11
454,1978-09-15,1978-09-18
455,1978-09-22,1978-09-25
456,1978-09-29,1978-10-02
457,1978-10-06,1978-10-09
458,1978-10-13,1978-10-16
459,1978-10-20,1978-10-23
460,1978-10-27,1978-10-30
461,1978-11-03,1978-11-06
462,1978-11-10,1978-11-13
463,1978-11-17,1978-11-20
464,1978-11-24,1978-11-27
465,1978-12-01,1978-12-04
466,1978-12-08,1978-12-11
467,1978-12-15,1978-12-18
468,1978-12-22,1978-12-25
469,1978-12-29,1979-01-01
470,1979-01-05,1979-01-08
471,1979-01-12,1979-01-15
472,1979-01-19,1979-01-22
473,1979-01-26,1979-01-29
474,1979-02-02,1979-02-05
475,1979-02-09,1979-02-12
476,1979-02-16,1979-02-19
477,1979-02-23,1979-02-26
478,1979-03-02,1979-03-05
479,1979-03-09,1979-03-12
480,1979-03-16,1979-03-19
481,1979-03-23,1979-03-26
482,1979-03-30,1979-04-02
483,1979-04-06,1979-04-09
484,1979-04-13,1979-04-16
485,1979-04-20,1979-04-23
486,1979-04-27,1979-04-30
487,1979-05-04,1979-05-07
488,1979-05-11,1979-05-14
489,1979-05-18,1979-05-21
490,1979-05-25,1979-05-28
491,1979-06-01,1979-06-04
492,1979-06-08,1979-06-11
493,1979-06-15,1979-06-18
494,1979-06-22,1979-06-25
495,1979-06-29,1979-07-02
496,1979-07-06,1979-07-09
497,1979-07-13,1979-07-16
498,1979-07-20,1979-07-23
499,1979-07-27,1979-07-30
500,1979-08-03,1979-08-06
501,1979-08-10,1979-08-13
502,1979-08-17,1979-08-20
503,1979-08-24,1979-08-27
504,1979-08-31,1979-09-03
505,1979-09-07,1979-09-10
506,1979-09-14,1979-09-17
507,1979-09-21,1979-09-24
508,1979-09-28,1979-10-01
509,1979-10-05,1979-10-08
510,1979-10-12,1979-10-15
511,1979-10-19,1979-10-22
512,1979-10-26,1979-10-29
513,1979-11-02,1979-11-05
514,1979-11-09,1979-11-12
515,1979-11-16,1979-11-19
516,1979-11-23,1979-11-26
517,1979-11-30,1979-12-03
518,1979-12-07,1979-12-10
519,1979-12-14,1979-12-17
520,1979-12-21,1979-12-24
521,1979-12-28,1979-12-31
522,1980-01-04,1980-01-07
523,1980-01-11,1980-01-14
524,1980-01-18,1980-01-21
525,1980-01-25,1980-01-28
526,1980-02-01,1980-02-04
527,1980-02-08,1980-02-11
528,1980-02-15,1980-02-18
529,1980-02-22,1980-02-25
530,1980-02-29,1980-03-03
531,1980-03-07,1980-03-10
532,1980-03-14,1980-03-17
533,1980-03-21,1980-03-24
534,1980-03-28,1980-03-31
535,1980-04-04,1980-04-07
536,1980-04-11,1980-04-14
537,1980-04-18,1980-04-21
538,1980-04-25,1980-04-28
539,1980-05-02,1980-05-05
540,1980-05-09,1980-05-12
541,1980-05-16,1980-05-19
542,1980-05-23,1980-05-26
543,1980-05-30,1980-06-02
544,1980-06-06,1980-06-09
545,1980-06-13,1980-06-16
546,1980-06-20,1980-06-23
547,1980-06-27,1980-06-30
548,1980-07-04,1980-07-07
549,1980-07-11,1980-07-14
550,1980-07-18,1980-07-21
551,1980-07-25,1980-07-28
552,1980-08-01,1980-08-04
553,1980-08-08,1980-08-11
554,1980-08-15,1980-08-18
555,1980-08-22,1980-08-25
556,1980-08-29,1980-09-01
557,1980-09-05,1980-09-08
558,1980-09-12,1980-09-15
559,1980-09-19,1980-09-22
560,1980-09-26,1980-09-29
561,1980-10-03,1980-10-06
562,1980-10-10,1980-10-13
563,1980-10-17,1980-10-20
564,1980-10-24,1980-10-27
565,1980-10-31,1980-11-03
566,1980-11-07,1980-11-10
567,1980-11-14,1980-11-17
568,1980-11-21,1980-11-24
569,1980-11-28,1980-12-01
570,1980-12-05,1980-12-08
571,1980-12-12,1980-12-15
572,1980-12-19,1980-12-22
573,1980-12-26,1980-12-29
574,1981-01-02,1981-01-05
575,1981-01-09,1981-01-12
576,1981-01-16,1981-01-19
577,1981-01-23,1981-01-26
578,1981-01-30,1981-02-02
579,1981-02-06,1981-02-09
580,1981-02-13,1981-02-16
581,1981-02-20,1981-02-23
582,1981-02-27,1981-03-02
583,1981-03-06,1981-03-09
584,1981-03-13,1981-03-16
585,1981-03-20,1981-03-23
586,1981-03-27,1981-03-30
587,1981-04-03,1981-04-06
588,1981-04-10,1981-04-13
589,1981-04-17,1981-04-20
590,1981-04-24,1981-04-27
591,1981-05-01,1981-05-04
592,1981-05-08,1981-05-11
593,1981-05-15,1981-05-18
594,1981-05-22,1981-05-25
595,1981-05-29,1981-06-01
596,1981-06-05,1981-06-08
597,1981-06-12,1981-06-15
598,1981-06-19,1981-06-22
599,1981-06-26,1981-06-29
600,1981-07-03,1981-07-06
601,1981-07-10,1981-07-13
602,1981-07-17,1981-07-20
603,1981-07-24,1981-07-27
604,1981-07-31,1981-08-03
605,1981-08-07,1981-08-10
606,1981-08-14,1981-08-17
607,1981-08-21,1981-08-24
608,1981-08-28,1981-08-31
609,1981-09-04,1981-09-07
610,1981-09-11,1981-09-14
611,1981-09-18,1981-09-21
612,1981-09-25,1981-09-28
613,1981-10-02,1981-10-05
614,1981-10-09,1981-10-12
615,1981-10-16,1981-10-19
616,1981-10-23,1981-10-26
617,1981-10-30,1981-11-02
618,1981-11-06,1981-11-09
619,1981-11-13,1981-11-16
620,1981-11-20,1981-11-23
621,1981-11-27,1981-11-30
622,1981-12-04,1981-12-07
623,1981-12-11,1981-12-14
624,1981-12-18,1981-12-21
625,1981-12-25,1981-12-28
626,1982-01-01,1982-01-04
627,1982-01-08,1982-01-11
628,1982-01-15,1982-01-18
629,1982-01-22,1982-01-25
630,1982-01-29,1982-02-01
631,1982-02-05,1982-02-08
632,1982-02-12,1982-02-15
633,1982-02-19,1982-02-22
634,1982-02-26,1982-03-01
635,1982-03-05,1982-03-08
636,1982-03-12,1982-03-15
637,1982-03-19,1982-03-22
638,1982-03-26,1982-03-29
639,1982-04-02,1982-04-05
640,1982-04-09,1982-04-12
641,1982-04-16,1982-04-19
642,1982-04-23,1982-04-26
643,1982-04-30,1982-05-03
644,1982-05-07,1982-05-10
645,1982-05-14,1982-05-17
646,1982-05-21,1982-05-24
647,1982-05-28,1982-05-31
648,1982-06-04,1982-06-07
649,1982-06-11,1982-06-14
650,1982-06-18,1982-06-21
651,1982-06-25,1982-06-28
652,1982-07-02,1982-07-05
653,1982-07-09,1982-07-12
654,1982-07-16,1982-07-19
655,1982-07-23,1982-07-26
656,1982-07-30,1982-08-02
657,1982-08-06,1982-08-09
658,1982-08-13,1982-08-16
659,1982-08-20,1982-08-23
660,1982-08-27,1982-08-30
661,1982-09-03,1982-09-06
662,1982-09-10,1982-09-13
663,1982-09-17,1982-09-20
664,1982-09-24,1982-09-27
665,1982-10-01,1982-10-04
666,1982-10-08,1982-10-11
667,1982-10-15,1982-10-18
668,1982-10-22,1982-10-25
669,1982-10-29,1982-11-01
670,1982-11-05,1982-11-08
671,1982-11-12,1982-11-15
672,1982-11-19,1982-11-22
673,1982-11-26,1982-11-29
674,1982-12-03,1982-12-06
675,1982-12-10,1982-12-13
676,1982-12-17,1982-12-20
677,1982-12-24,1982-12-27
678,1982-12-31,1983-01-03
679,1983-01-07,1983-01-10
680,1983-01-14,1983-01-17
681,1983-01-21,1983-01-24
682,1983-01-28,1983-01-31
683,1983-02-04,1983-02-07
684,1983-02-11,1983-02-14
685,1983-02-18,1983-02-21
686,1983-02-25,1983-02-28
687,1983-03-04,1983-03-07
688,1983-03-11,1983-03-14
689,1983-03-18,1983-03-21
690,1983-03-25,1983-03-28
691,1983-04-01,1983-04-04
692,1983-04-08,1983-04-11
693,1983-04-15,1983-04-18
694,1983-04-22,1983-04-25
695,1983-04-29,1983-05-02
696,1983-05-06,1983-05-09
697,1983-05-13,1983-05-16
698,1983-05-20,1983-05-23
699,1983-05-27,1983-05-30
700,1983-06-03,1983-06-06
701,1983-06-10,1983-06-13
702,1983-06-17,1983-06-20
703,1983-06-24,1983-06-27
704,1983-07-01,1983-07-04
705,1983-07-08,1983-07-11
706,1983-07-15,1983-07-18
707,1983-07-22,1983-07-25
708,1983-07-29,1983-08-01
709,1983-08-05,1983-08-08
710,1983-08-12,1983-08-15
711,1983-08-19,1983-08-22
712,1983-08-26,1983-08-29
713,1983-09-02,1983-09-05
714,1983-09-09,1983-09-12
715,1983-09-16,1983-09-19
716,1983-09-23,1983-09-26
717,1983-09-30,1983-10-03
718,1983-10-07,1983-10-10
719,1983-10-14,1983-10-17
720,1983-10-21,1983-10-24
721,1983-10-28,1983-10-31
722,1983-11-04,1983-11-07
723,1983-11-11,1983-11-14
724,1983-11-18,1983-11-21
725,1983-11-25,1983-11-28
726,1983-12-02,1983-12-05
727,1983-12-09,1983-12-12
728,1983-12-16,1983-12-19
729,1983-12-23,1983-12-26
730,1983-12-30,1984-01-02
731,1984-01-06,1984-01-09
732,1984-01-13,1984-01-16
733,1984-01-20,1984-01-23
734,1984-01-27,1984-01-30
735,1984-02-03,1984-02-06
736,1984-02-10,1984-02-13
737,1984-02-17,1984-02-20
738,1984-02-24,1984-02-27
739,1984-03-02,1984-03-05
740,1984-03-09,1984-03-12
741,1984-03-16,1984-03-19
742,1984-03-23,1984-03-26
743,1984-03-30,1984-04-02
744,1984-04-06,1984-04-09
745,1984-04-13,1984-04-16
746,1984-04-20,1984-04-23
747,1984-04-27,1984-04-30
748,1984-05-04,1984-05-07
749,1984-05-11,1984-05-14
750,1984-05-18,1984-05-21
751,1984-05-25,1984-05-28
752,1984-06-01,1984-06-04
753,1984-06-08,1984-06-11
754,1984-06-15,1984-06-18
755,1984-06-22,1984-06-25
756,1984-06-29,1984-07-02
757,1984-07-06,1984-07-09
758,1984-07-13,1984-07-16
759,1984-07-20,1984-07-23
760,1984-07-27,1984-07-30
761,1984-08-03,1984-08-06
762,1984-08-10,1984-08-13
763,1984-08-17,1984-08-20
764,1984-08-24,1984-08-27
765,1984-08-31,1984-09-03
766,1984-09-07,1984-09-10
767,1984-09-14,1984-09-17
768,1984-09-21,1984-09-24
769,1984-09-28,1984-10-01
770,1984-10-05,1984-10-08
771,1984-10-12,1984-10-15
772,1984-10-19,1984-10-22
773,1984-10-26,1984-10-29
774,1984-11-02,1984-11-05
775,1984-11-09,1984-11-12
776,1984-11-16,1984-11-19
777,1984-11-23,1984-11-26
778,1984-11-30,1984-12-03
779,1984-12-07,1984-12-10
780,1984-12-14,1984-12-17
781,1984-12-21,1984-12-24
782,1984-12-28,1984-12-31
783,1985-01-04,1985-01-07
784,1985-01-11,1985-01-14
785,1985-01-18,1985-01-21
786,1985-01-25,1985-01-28
787,1985-02-01,1985-02-04
788,1985-02-08,1985-02-11
789,1985-02-15,1985-02-18
790,1985-02-22,1985-02-25
791,1985-03-01,1985-03-04
792,1985-03-08,1985-03-11
793,1985-03-15,1985-03-18
794,1985-03-22,1985-03-25
795,1985-03-29,1985-04-01
796,1985-04-05,1985-04-08
797,1985-04-12,1985-04-15
798,1985-04-19,1985-04-22
799,1985-04-26,1985-04-29
800,1985-05-03,1985-05-06
801,1985-05-10,1985-05-13
802,1985-05-17,1985-05-20
803,1985-05-24,1985-05-27
804,1985-05-31,1985-06-03
805,1985-06-07,1985-06-10
806,1985-06-14,1985-06-17
807,1985-06-21,1985-06-24
808,1985-06-28,1985-07-01
809,1985-07-05,1985-07-08
810,1985-07-12,1985-07-15
811,1985-07-19,1985-07-22
812,1985-07-26,1985-07-29
813,1985-08-02,1985-08-05
814,1985-08-09,1985-08-12
815,1985-08-16,1985-08-19
816,1985-08-23,1985-08-26
817,1985-08-30,1985-09-02
818,1985-09-06,1985-09-09
819,1985-09-13,1985-09-16
820,1985-09-20,1985-09-23
821,1985-09-27,1985-09-30
822,1985-10-04,1985-10-07
823,1985-10-11,1985-10-14
824,1985-10-18,1985-10-21
825,1985-10-25,1985-10-28
826,1985-11-01,1985-11-04
827,1985-11-08,1985-11-11
828,1985-11-15,1985-11-18
829,1985-11-22,1985-11-25
830,1985-11-29,1985-12-02
831,1985-12-06,1985-12-09
832,1985-12-13,1985-12-16
833,1985-12-20,1985-12-23
834,1985-12-27,1985-12-30
835,1986-01-03,1986-01-06
836,1986-01-10,1986-01-13
837,1986-01-17,1986-01-20
838,1986-01-24,1986-01-27
839,1986-01-31,1986-02-03
840,1986-02-07,1986-02-10
841,1986-02-14,1986-02-17
842,1986-02-21,1986-02-24
843,1986-02-28,1986-03-03
844,1986-03-07,1986-03-10
845,1986-03-14,1986-03-17
846,1986-03-21,1986-03-24
847,1986-03-28,1986-03-31
848,1986-04-04,1986-04-07
849,1986-04-11,1986-04-14
850,1986-04-18,1986-04-21
851,1986-04-25,1986-04-28
852,1986-05-02,1986-05-05
853,1986-05-09,1986-05-12
854,1986-05-16,1986-05-19
855,1986-05-23,1986-05-26
856,1986-05-30,1986-06-02
857,1986-06-06,1986-06-09
858,1986-06-13,1986-06-16
859,1986-06-20,1986-06-23
860,1986-06-27,1986-06-30
861,1986-07-04,1986-07-07
862,1986-07-11,1986-07-14
863,1986-07-18,1986-07-21
864,1986-07-25,1986-07-28
865,1986-08-01,1986-08-04
866,1986-08-08,1986-08-11
867,1986-08-15,1986-08-18
868,1986-08-22,1986-08-25
869,1986-08-29,1986-09-01
870,1986-09-05,1986-09-08
871,1986-09-12,1986-09-15
872,1986-09-19,1986-09-22
873,1986-09-26,1986-09-29
874,1986-10-03,1986-10-06
875,1986-10-10,1986-10-13
876,1986-10-17,1986-10-20
877,1986-10-24,1986-10-27
878,1986-10-31,1986-11-03
879,1986-11-07,1986-11-10
880,1986-11-14,1986-11-17
881,1986-11-21,1986-11-24
882,1986-11-28,1986-12-01
883,1986-12-05,1986-12-08
884,1986-12-12,1986-12-15
885,1986-12-19,1986-12-22
886,1986-12-26,1986-12-29
887,1987-01-02,1987-01-05
888,1987-01-09,1987-01-12
889,1987-01-16,1987-01-19
890,1987-01-23,1987-01-26
891,1987-01-30,1987-02-02
892,1987-02-06,1987-02-09
893,1987-02-13,1987-02-16
894,1987-02-20,1987-02-23
895,1987-02-27,1987-03-02
896,1987-03-06,1987-03-09
897,1987-03-13,1987-03-16
898,1987-03-20,1987-03-23
899,1987-03-27,1987-03-30
900,1987-04-03,1987-04-06
901,1987-04-10,1987-04-13
902,1987-04-17,1987-04-20
903,1987-04-24,1987-04-27
904,1987-05-01,1987-05-04
905,1987-05-08,1987-05-11
906,1987-05-15,1987-05-18
907,1987-05-22,1987-05-25
908,1987-05-29,1987-06-01
909,1987-06-05,1987-06-08
910,1987-06-12,1987-06-15
911,1987-06-19,1987-06-22
912,1987-06-26,1987-06-29
913,1987-07-03,1987-07-06
914,1987-07-10,1987-07-13
915,1987-07-17,1987-07-20
916,1987-07-24,1987-07-27
917,1987-07-31,1987-08-03
918,1987-08-07,1987-08-10
919,1987-08-14,1987-08-17
920,1987-08-21,1987-08-24
921,1987-08-28,1987-08-31
922,1987-09-04,1987-09-07
923,1987-09-11,1987-09-14
924,1987-09-18,1987-09-21
925,1987-09-25,1987-09-28
926,1987-10-02,1987-10-05
927,1987-10-09,1987-10-12
928,1987-10-16,1987-10-19
929,1987-10-23,1987-10-26
930,1987-10-30,1987-11-02
931,1987-11-06,1987-11-09
932,1987-11-13,1987-11-16
933,1987-11-20,1987-11-23
934,1987-11-27,1987-11-30
935,1987-12-04,1987-12-07
936,1987-12-11,1987-12-14
937,1987-12-18,1987-12-21
938,1987-12-25,1987-12-28
939,1988-01-01,1988-01-04
940,1988-01-08,1988-01-11
941,1988-01-15,1988-01-18
942,1988-01-22,1988-01-25
943,1988-01-29,1988-02-01
944,1988-02-05,1988-02-08
945,1988-02-12,1988-02-15
946,1988-02-19,1988-02-22
947,1988-02-26,1988-02-29
948,1988-03-04,1988-03-07
949,1988-03-11,1988-03-14
950,1988-03-18,1988-03-21
951,1988-03-25,1988-03-28
952,1988-04-01,1988-04-04
953,1988-04-08,1988-04-11
954,1988-04-15,1988-04-18
955,1988-04-22,1988-04-25
956,1988-04-29,1988-05-02
957,1988-05-06,1988-05-09
958,1988-05-13,1988-05-16
959,1988-05-20,1988-05-23
960,1988-05-27,1988-05-30
961,1988-06-03,1988-06-06
962,1988-06-10,1988-06-13
963,1988-06-17,1988-06-20
964,1988-06-24,1988-06-27
965,1988-07-01,1988-07-04
966,1988-07-08,1988-07-11
967,1988-07-15,1988-07-18
968,1988-07-22,1988-07-25
969,1988-07-29,1988-08-01
970,1988-08-05,1988-08-08
971,1988-08-12,1988-08-15
972,1988-08-19,1988-08-22
973,1988-08-26,1988-08-29
974,1988-09-02,1988-09-05
975,1988-09-09,1988-09-12
976,1988-09-16,1988-09-19
977,1988-09-23,1988-09-26
978,1988-09-30,1988-10-03
979,1988-10-07,1988-10-10
980,1988-10-14,1988-10-17
981,1988-10-21,1988-10-24
982,1988-10-28,1988-10-31
983,1988-11-04,1988-11-07
984,1988-11-11,1988-11-14
985,1988-11-18,1988-11-21
986,1988-11-25,1988-11-28
987,1988-12-02,1988-12-05
988,1988-12-09,1988-12-12
989,1988-12-16,1988-12-19
990,1988-12-23,1988-12-26
991,1988-12-30,1989-01-02
992,1989-01-06,1989-01-09
993,1989-01-13,1989-01-16
994,1989-01-20,1989-01-23
995,1989-01-27,1989-01-30
996,1989-02-03,1989-02-06
997,1989-02-10,1989-02-13
998,1989-02-17,1989-02-20
999,1989-02-24,1989-02-27
1000,1989-03-03,1989-03-06
1001,1989-03-10,1989-03-13
1002,1989-03-17,1989-03-20
1003,1989-03-24,1989-03-27
1004,1989-03-31,1989-04-03
1005,1989-04-07,1989-04-10
1006,1989-04-14,1989-04-17
1007,1989-04-21,1989-04-24
1008,1989-04-28,1989-05-01
1009,1989-05-05,1989-05-08
1010,1989-05-12,1989-05-15
1011,1989-05-19,1989-05-22
1012,1989-05-26,1989-05-29
1013,1989-06-02,1989-06-05
1014,1989-06-09,1989-06-12
1015,1989-06-16,1989-06-19
1016,1989-06-23,1989-06-26
1017,1989-06-30,1989-07-03
1018,1989-07-07,1989-07-10
1019,1989-07-14,1989-07-17
1020,1989-07-21,1989-07-24
1021,1989-07-28,1989-07-31
1022,1989-08-04,1989-08-07
1023,1989-08-11,1989-08-14
1024,1989-08-18,1989-08-21
1025,1989-08-25,1989-08-28
1026,1989-09-01,1989-09-04
1027,1989-09-08,1989-09-11
1028,1989-09-15,1989-09-18
1029,1989-09-22,1989-09-25
1030,1989-09-29,1989-10-02
1031,1989-10-06,1989-10-09
1032,1989-10-13,1989-10-16
1033,1989-10-20,1989-10-23
1034,1989-10-27,1989-10-30
1035,1989-11-03,1989-11-06
1036,1989-11-10,1989-11-13
1037,1989-11-17,1989-11-20
1038,1989-11-24,1989-11-27
1039,1989-12-01,1989-12-04
1040,1989-12-08,1989-12-11
1041,1989-12-15,1989-12-18
1042,1989-12-22,1989-12-25
1043,1989-12-29,1990-01-01
1044,1990-01-05,1990-01-08
1045,1990-01-12,1990-01-15
1046,1990-01-19,1990-01-22
1047,1990-01-26,1990-01-29
1048,1990-02-02,1990-02-05
1049,1990-02-09,1990-02-12
1050,1990-02-16,1990-02-19
1051,1990-02-23,1990-02-26
1052,1990-03-02,1990-03-05
1053,1990-03-09,1990-03-12
1054,1990-03-16,1990-03-19
1055,1990-03-23,1990-03-26
1056,1990-03-30,1990-04-02
1057,1990-04-06,1990-04-09
1058,1990-04-13,1990-04-16
1059,1990-04-20,1990-04-23
1060,1990-04-27,1990-04-30
1061,1990-05-04,1990-05-07
1062,1990-05-11,1990-05-14
1063,1990-05-18,1990-05-21
1064,1990-05-25,1990-05-28
1065,1990-06-01,1990-06-04
1066,1990-06-08,1990-06-11
1067,1990-06-15,1990-06-18
1068,1990-06-22,1990-06-25
1069,1990-06-29,1990-07-02
1070,1990-07-06,1990-07-09
1071,1990-07-13,1990-07-16
1072,1990-07-20,1990-07-23
1073,1990-07-27,1990-07-30
1074,1990-08-03,1990-08-06
1075,1990-08-10,1990-08-13
1076,1990-08-17,1990-08-20
1077,1990-08-24,1990-08-27
1078,1990-08-31,1990-09-03
1079,1990-09-07,1990-09-10
1080,1990-09-14,1990-09-17
1081,1990-09-21,1990-09-24
1082,1990-09-28,1990-10-01
1083,1990-10-05,1990-10-08
1084,1990-10-12,1990-10-15
1085,1990-10-19,1990-10-22
1086,1990-10-26,1990-10-29
1087,1990-11-02,1990-11-05
1088,1990-11-09,1990-11-12
1089,1990-11-16,1990-11-19
1090,1990-11-23,1990-11-26
1091,1990-11-30,1990-12-03
1092,1990-12-07,1990-12-10
1093,1990-12-14,1990-12-17
1094,1990-12-21,1990-12-24
1095,1990-12-28,1990-12-31
1096,1991-01-04,1991-01-07
1097,1991-01-11,1991-01-14
1098,1991-01-18,1991-01-21
1099,1991-01-25,1991-01-28
1100,1991-02-01,1991-02-04
1101,1991-02-08,1991-02-11
1102,1991-02-15,1991-02-18
1103,1991-02-22,1991-02-25
1104,1991-03-01,1991-03-04
1105,1991-03-08,1991-03-11
1106,1991-03-15,1991-03-18
1107,1991-03-22,1991-03-25
1108,1991-03-29,1991-04-01
1109,1991-04-05,1991-04-08
1110,1991-04-12,1991-04-15
1111,1991-04-19,1991-04-22
1112,1991-04-26,1991-04-29
1113,1991-05-03,1991-05-06
1114,1991-05-10,1991-05-13
1115,1991-05-17,1991-05-20
1116,1991-05-24,1991-05-27
1117,1991-05-31,1991-06-03
1118,1991-06-07,1991-06-10
1119,1991-06-14,1991-06-17
1120,1991-06-21,1991-06-24
1121,1991-06-28,1991-07-01
1122,1991-07-05,1991-07-08
1123,1991-07-12,1991-07-15
1124,1991-07-19,1991-07-22
1125,1991-07-26,1991-07-29
1126,1991-08-02,1991-08-05
1127,1991-08-09,1991-08-12
1128,1991-08-16,1991-08-19
1129,1991-08-23,1991-08-26
1130,1991-08-30,1991-09-02
1131,1991-09-06,1991-09-09
1132,1991-09-13,1991-09-16
1133,1991-09-20,1991-09-23
1134,1991-09-27,1991-09-30
1135,1991-10-04,1991-10-07
1136,1991-10-11,1991-10-14
1137,1991-10-18,1991-10-21
1138,1991-10-25,1991-10-28
1139,1991-11-01,1991-11-04
1140,1991-11-08,1991-11-11
1141,1991-11-15,1991-11-18
1142,1991-11-22,1991-11-25
1143,1991-11-29,1991-12-02
1144,1991-12-06,1991-12-09
1145,1991-12-13,1991-12-16
1146,1991-12-20,1991-12-23
1147,1991-12-27,1991-12-30
1148,1992-01-03,1992-01-06
1149,1992-01-10,1992-01-13
1150,1992-01-17,1992-01-20
1151,1992-01-24,1992-01-27
1152,1992-01-31,1992-02-03
1153,1992-02-07,1992-02-10
1154,1992-02-14,1992-02-17
1155,1992-02-21,1992-02-24
1156,1992-02-28,1992-03-02
1157,1992-03-06,1992-03-09
1158,1992-03-13,1992-03-16
1159,1992-03-20,1992-03-23
1160,1992-03-27,1992-03-30
1161,1992-04-03,1992-04-06
1162,1992-04-10,1992-04-13
1163,1992-04-17,1992-04-20
1164,1992-04-24,1992-04-27
1165,1992-05-01,1992-05-04
1166,1992-05-08,1992-05-11
1167,1992-05-15,1992-05-18
1168,1992-05-22,1992-05-25
1169,1992-05-29,1992-06-01
1170,1992-06-05,1992-06-08
1171,1992-06-12,1992-06-15
1172,1992-06-19,1992-06-22
1173,1992-06-26,1992-06-29
1174,1992-07-03,1992-07-06
1175,1992-07-10,1992-07-13
1176,1992-07-17,1992-07-20
1177,1992-07-24,1992-07-27
1178,1992-07-31,1992-08-03
1179,1992-08-07,1992-08-10
1180,1992-08-14,1992-08-17
1181,1992-08-21,1992-08-24
1182,1992-08-28,1992-08-31
1183,1992-09-04,1992-09-07
1184,1992-09-11,1992-09-14
1185,1992-09-18,1992-09-21
1186,1992-09-25,1992-09-28
1187,1992-10-02,1992-10-05
1188,1992-10-09,1992-10-12
1189,1992-10-16,1992-10-19
1190,1992-10-23,1992-10-26
1191,1992-10-30,1992-11-02
1192,1992-11-06,1992-11-09
1193,1992-11-13,1992-11-16
1194,1992-11-20,1992-11-23
1195,1992-11-27,1992-11-30
1196,1992-12-04,1992-12-07
1197,1992-12-11,1992-12-14
1198,1992-12-18,1992-12-21
1199,1992-12-25,1992-12-28
1200,1993-01-01,1993-01-04
1201,1993-01-08,1993-01-11
1202,1993-01-15,1993-01-18
1203,1993-01-22,1993-01-25
1204,1993-01-29,1993-02-01
1205,1993-02-05,1993-02-08
1206,1993-02-12,1993-02-15
1207,1993-02-19,1993-02-22
1208,1993-02-26,1993-03-01
1209,1993-03-05,1993-03-08
1210,1993-03-12,1993-03-15
1211,1993-03-19,1993-03-22
1212,1993-03-26,1993-03-29
1213,1993-04-02,1993-04-05
1214,1993-04-09,1993-04-12
1215,1993-04-16,1993-04-19
1216,1993-04-23,1993-04-26
1217,1993-04-30,1993-05-03
1218,1993-05-07,1993-05-10
1219,1993-05-14,1993-05-17
1220,1993-05-21,1993-05-24
1221,1993-05-28,1993-05-31
1222,1993-06-04,1993-06-07
1223,1993-06-11,1993-06-14
1224,1993-06-18,1993-06-21
1225,1993-06-25,1993-06-28
1226,1993-07-02,1993-07-05
1227,1993-07-09,1993-07-12
1228,1993-07-16,1993-07-19
1229,1993-07-23,1993-07-26
1230,1993-07-30,1993-08-02
1231,1993-08-06,1993-08-09
1232,1993-08-13,1993-08-16
1233,1993-08-20,1993-08-23
1234,1993-08-27,1993-08-30
1235,1993-09-03,1993-09-06
1236,1993-09-10,1993-09-13
1237,1993-09-17,1993-09-20
1238,1993-09-24,1993-09-27
1239,1993-10-01,1993-10-04
1240,1993-10-08,1993-10-11
1241,1993-10-15,1993-10-18
1242,1993-10-22,1993-10-25
1243,1993-10-29,1993-11-01
1244,1993-11-05,1993-11-08
1245,1993-11-12,1993-11-15
1246,1993-11-19,1993-11-22
1247,1993-11-26,1993-11-29
1248,1993-12-03,1993-12-06
1249,1993-12-10,1993-12-13
1250,1993-12-17,1993-12-20
1251,1993-12-24,1993-12-27
1252,1993-12-31,1994-01-03
1253,1994-01-07,1994-01-10
1254,1994-01-14,1994-01-17
1255,1994-01-21,1994-01-24
1256,1994-01-28,1994-01-31
1257,1994-02-04,1994-02-07
1258,1994-02-11,1994-02-14
1259,1994-02-18,1994-02-21
1260,1994-02-25,1994-02-28
1261,1994-03-04,1994-03-07
1262,1994-03-11,1994-03-14
1263,1994-03-18,1994-03-21
1264,1994-03-25,1994-03-28
1265,1994-04-01,1994-04-04
1266,1994-04-08,1994-04-11
1267,1994-04-15,1994-04-18
1268,1994-04-22,1994-04-25
1269,1994-04-29,1994-05-02
1270,1994-05-06,1994-05-09
1271,1994-05-13,1994-05-16
1272,1994-05-20,1994-05-23
1273,1994-05-27,1994-05-30
1274,1994-06-03,1994-06-06
1275,1994-06-10,1994-06-13
1276,1994-06-17,1994-06-20
1277,1994-06-24,1994-06-27
1278,1994-07-01,1994-07-04
1279,1994-07-08,1994-07-11
1280,1994-07-15,1994-07-18
1281,1994-07-22,1994-07-25
1282,1994-07-29,1994-08-01
1283,1994-08-05,1994-08-08
1284,1994-08-12,1994-08-15
1285,1994-08-19,1994-08-22
1286,1994-08-26,1994-08-29
1287,1994-09-02,1994-09-05
1288,1994-09-09,1994-09-12
1289,1994-09-16,1994-09-19
1290,1994-09-23,1994-09-26
1291,1994-09-30,1994-10-03
1292,1994-10-07,1994-10-10
1293,1994-10-14,1994-10-17
1294,1994-10-21,1994-10-24
1295,1994-10-28,1994-10-31
1296,1994-11-04,1994-11-07
1297,1994-11-11,1994-11-14
1298,1994-11-18,1994-11-21
1299,1994-11-25,1994-11-28
1300,1994-12-02,1994-12-05
1301,1994-12-09,1994-12-12
1302,1994-12-16,1994-12-19
1303,1994-12-23,1994-12-26
1304,1994-12-30,1995-01-02
1305,1995-01-06,1995-01-09
1306,1995-01-13,1995-01-16
1307,1995-01-20,1995-01-23
1308,1995-01-27,1995-01-30
1309,1995-02-03,1995-02-06
1310,1995-02-10,1995-02-13
1311,1995-02-17,1995-02-20
1312,1995-02-24,1995-02-27
1313,1995-03-03,1995-03-06
1314,1995-03-10,1995-03-13
1315,1995-03-17,1995-03-20
1316,1995-03-24,1995-03-27
1317,1995-03-31,1995-04-03
1318,1995-04-07,1995-04-10
1319,1995-04-14,1995-04-17
1320,1995-04-21,1995-04-24
1321,1995-04-28,1995-05-01
1322,1995-05-05,1995-05-08
1323,1995-05-12,1995-05-15
1324,1995-05-19,1995-05-22
1325,1995-05-26,1995-05-29
1326,1995-06-02,1995-06-05
1327,1995-06-09,1995-06-12
1328,1995-06-16,1995-06-19
1329,1995-06-23,1995-06-26
1330,1995-06-30,1995-07-03
1331,1995-07-07,1995-07-10
1332,1995-07-14,1995-07-17
1333,1995-07-21,1995-07-24
1334,1995-07-28,1995-07-31
1335,1995-08-04,1995-08-07
1336,1995-08-11,1995-08-14
1337,1995-08-18,1995-08-21
1338,1995-08-25,1995-08-28
1339,1995-09-01,1995-09-04
1340,1995-09-08,1995-09-11
1341,1995-09-15,1995-09-18
1342,1995-09-22,1995-09-25
1343,1995-09-29,1995-10-02
1344,1995-10-06,1995-10-09
1345,1995-10-13,1995-10-16
1346,1995-10-20,1995-10-23
1347,1995-10-27,1995-10-30
1348,1995-11-03,1995-11-06
1349,1995-11-10,1995-11-13
1350,1995-11-17,1995-11-20
1351,1995-11-24,1995-11-27
1352,1995-12-01,1995-12-04
1353,1995-12-08,1995-12-11
1354,1995-12-15,1995-12-18
1355,1995-12-22,1995-12-25
1356,1995-12-29,1996-01-01
1357,1996-01-05,1996-01-08
1358,1996-01-12,1996-01-15
1359,1996-01-19,1996-01-22
1360,1996-01-26,1996-01-29
1361,1996-02-02,1996-02-05
1362,1996-02-09,1996-02-12
1363,1996-02-16,1996-02-19
1364,1996-02-23,1996-02-26
1365,1996-03-01,1996-03-04
1366,1996-03-08,1996-03-11
1367,1996-03-15,1996-03-18
1368,1996-03-22,1996-03-25
1369,1996-03-29,1996-04-01
1370,1996-04-05,1996-04-08
1371,1996-04-12,1996-04-15
1372,1996-04-19,1996-04-22
1373,1996-04-26,1996-04-29
1374,1996-05-03,1996-05-06
1375,1996-05-10,1996-05-13
1376,1996-05-17,1996-05-20
1377,1996-05-24,1996-05-27
1378,1996-05-31,1996-06-03
1379,1996-06-07,1996-06-10
1380,1996-06-14,1996-06-17
1381,1996-06-21,1996-06-24
1382,1996-06-28,1996-07-01
1383,1996-07-05,1996-07-08
1384,1996-07-12,1996-07-15
1385,1996-07-19,1996-07-22
1386,1996-07-26,1996-07-29
1387,1996-08-02,1996-08-05
1388,1996-08-09,1996-08-12
1389,1996-08-16,1996-08-19
1390,1996-08-23,1996-08-26
1391,1996-08-30,1996-09-02
1392,1996-09-06,1996-09-09
1393,1996-09-13,1996-09-16
1394,1996-09-20,1996-09-23
1395,1996-09-27,1996-09-30
1396,1996-10-04,1996-10-07
1397,1996-10-11,1996-10-14
1398,1996-10-18,1996-10-21
1399,1996-10-25,1996-10-28
1400,1996-11-01,1996-11-04
1401,1996-11-08,1996-11-11
1402,1996-11-15,1996-11-18
1403,1996-11-22,1996-11-25
1404,1996-11-29,1996-12-02
1405,1996-12-06,1996-12-09
1406,1996-12-13,1996-12-16
1407,1996-12-20,1996-12-23
1408,1996-12-27,1996-12-30
1409,1997-01-03,1997-01-06
1410,1997-01-10,1997-01-13
1411,1997-01-17,1997-01-20
1412,1997-01-24,1997-01-27
1413,1997-01-31,1997-02-03
1414,1997-02-07,1997-02-10
1415,1997-02-14,1997-02-17
1416,1997-02-21,1997-02-24
1417,1997-02-28,1997-03-03
1418,1997-03-07,1997-03-10
1419,1997-03-14,1997-03-17
1420,1997-03-21,1997-03-24
1421,1997-03-28,1997-03-31
1422,1997-04-04,1997-04-07
1423,1997-04-11,1997-04-14
1424,1997-04-18,1997-04-21
1425,1997-04-25,1997-04-28
1426,1997-05-02,1997-05-05
1427,1997-05-09,1997-05-12
1428,1997-05-16,1997-05-19
1429,1997-05-23,1997-05-26
1430,1997-05-30,1997-06-02
1431,1997-06-06,1997-06-09
1432,1997-06-13,1997-06-16
1433,1997-06-20,1997-06-23
1434,1997-06-27,1997-06-30
1435,1997-07-04,1997-07-07
1436,1997-07-11,1997-07-14
1437,1997-07-18,1997-07-21
1438,1997-07-25,1997-07-28
1439,1997-08-01,1997-08-04
1440,1997-08-08,1997-08-11
1441,1997-08-15,1997-08-18
1442,1997-08-22,1997-08-25
1443,1997-08-29,1997-09-01
1444,1997-09-05,1997-09-08
1445,1997-09-12,1997-09-15
1446,1997-09-19,1997-09-22
1447,1997-09-26,1997-09-29
1448,1997-10-03,1997-10-06
1449,1997-10-10,1997-10-13
1450,1997-10-17,1997-10-20
1451,1997-10-24,1997-10-27
1452,1997-10-31,1997-11-03
1453,1997-11-07,1997-11-10
1454,1997-11-14,1997-11-17
1455,1997-11-21,1997-11-24
1456,1997-11-28,1997-12-01
1457,1997-12-05,1997-12-08
1458,1997-12-12,1997-12-15
1459,1997-12-19,1997-12-22
1460,1997-12-26,1997-12-29
1461,1998-01-02,1998-01-05
1462,1998-01-09,1998-01-12
1463,1998-01-16,1998-01-19
1464,1998-01-23,1998-01-26
1465,1998-01-30,1998-02-02
1466,1998-02-06,1998-02-09
1467,1998-02-13,1998-02-16
1468,1998-02-20,1998-02-23
1469,1998-02-27,1998-03-02
1470,1998-03-06,1998-03-09
1471,1998-03-13,1998-03-16
1472,1998-03-20,1998-03-23
1473,1998-03-27,1998-03-30
1474,1998-04-03,1998-04-06
1475,1998-04-10,1998-04-13
1476,1998-04-17,1998-04-20
1477,1998-04-24,1998-04-27
1478,1998-05-01,1998-05-04
1479,1998-05-08,1998-05-11
1480,1998-05-15,1998-05-18
1481,1998-05-22,1998-05-25
1482,1998-05-29,1998-06-01
1483,1998-06-05,1998-06-08
1484,1998-06-12,1998-06-15
1485,1998-06-19,1998-06-22
1486,1998-06-26,1998-06-29
1487,1998-07-03,1998-07-06
1488,1998-07-10,1998-07-13
1489,1998-07-17,1998-07-20
1490,1998-07-24,1998-07-27
1491,1998-07-31,1998-08-03
1492,1998-08-07,1998-08-10
1493,1998-08-14,1998-08-17
1494,1998-08-21,1998-08-24
1495,1998-08-28,1998-08-31
1496,1998-09-04,1998-09-07
1497,1998-09-11,1998-09-14
1498,1998-09-18,1998-09-21
1499,1998-09-25,1998-09-28
1500,1998-10-02,1998-10-05
1501,1998-10-09,1998-10-12
1502,1998-10-16,1998-10-19
1503,1998-10-23,1998-10-26
1504,1998-10-30,1998-11-02
1505,1998-11-06,1998-11-09
1506,1998-11-13,1998-11-16
1507,1998-11-20,1998-11-23
1508,1998-11-27,1998-11-30
1509,1998-12-04,1998-12-07
1510,1998-12-11,1998-12-14
1511,1998-12-18,1998-12-21
1512,1998-12-25,1998-12-28
1513,1999-01-01,1999-01-04
1514,1999-01-08,1999-01-11
1515,1999-01-15,1999-01-18
1516,1999-01-22,1999-01-25
1517,1999-01-29,1999-02-01
1518,1999-02-05,1999-02-08
1519,1999-02-12,1999-02-15
1520,1999-02-19,1999-02-22
1521,1999-02-26,1999-03-01
1522,1999-03-05,1999-03-08
1523,1999-03-12,1999-03-15
1524,1999-03-19,1999-03-22
1525,1999-03-26,1999-03-29
1526,1999-04-02,1999-04-05
1527,1999-04-09,1999-04-12
1528,1999-04-16,1999-04-19
1529,1999-04-23,1999-04-26
1530,1999-04-30,1999-05-03
1531,1999-05-07,1999-05-10
1532,1999-05-14,1999-05-17
1533,1999-05-21,1999-05-24
1534,1999-05-28,1999-05-31
1535,1999-06-04,1999-06-07
1536,1999-06-11,1999-06-14
1537,1999-06-18,1999-06-21
1538,1999-06-25,1999-06-28
1539,1999-07-02,1999-07-05
1540,1999-07-09,1999-07-12
1541,1999-07-16,1999-07-19
1542,1999-07-23,1999-07-26
1543,1999-07-30,1999-08-02
1544,1999-08-06,1999-08-09
1545,1999-08-13,1999-08-16
1546,1999-08-20,1999-08-23
1547,1999-08-27,1999-08-30
1548,1999-09-03,1999-09-06
1549,1999-09-10,1999-09-13
1550,1999-09-17,1999-09-20
1551,1999-09-24,1999-09-27
1552,1999-10-01,1999-10-04
1553,1999-10-08,1999-10-11
1554,1999-10-15,1999-10-18
1555,1999-10-22,1999-10-25
1556,1999-10-29,1999-11-01
1557,1999-11-05,1999-11-08
1558,1999-11-12,1999-11-15
1559,1999-11-19,1999-11-22
1560,1999-11-26,1999-11-29
1561,1999-12-03,1999-12-06
1562,1999-12-10,1999-12-13
1563,1999-12-17,1999-12-20
1564,1999-12-24,1999-12-27
1565,1999-12-31,2000-01-03
1566,2000-01-07,2000-01-10
1567,2000-01-14,2000-01-17
1568,2000-01-21,2000-01-24
1569,2000-01-28,2000-01-31
1570,2000-02-04,2000-02-07
1571,2000-02-11,2000-02-14
1572,2000-02-18,2000-02-21
1573,2000-02-25,2000-02-28
1574,2000-03-03,2000-03-06
1575,2000-03-10,2000-03-13
1576,2000-03-17,2000-03-20
1577,2000-03-24,2000-03-27
1578,2000-03-31,2000-04-03
1579,2000-04-07,2000-04-10
1580,2000-04-14,2000-04-17
1581,2000-04-21,2000-04-24
1582,2000-04-28,2000-05-01
1583,2000-05-05,2000-05-08
1584,2000-05-12,2000-05-15
1585,2000-05-19,2000-05-22
1586,2000-05-26,2000-05-29
1587,2000-06-02,2000-06-05
1588,2000-06-09,2000-06-12
1589,2000-06-16,2000-06-19
1590,2000-06-23,2000-06-26
1591,2000-06-30,2000-07-03
1592,2000-07-07,2000-07-10
1593,2000-07-14,2000-07-17
1594,2000-07-21,2000-07-24
1595,2000-07-28,2000-07-31
1596,2000-08-04,2000-08-07
1597,2000-08-11,2000-08-14
1598,2000-08-18,2000-08-21
1599,2000-08-25,2000-08-28
1600,2000-09-01,2000-09-04
1601,2000-09-08,2000-09-11
1602,2000-09-15,2000-09-18
1603,2000-09-22,2000-09-25
1604,2000-09-29,2000-10-02
1605,2000-10-06,2000-10-09
1606,2000-10-13,2000-10-16
1607,2000-10-20,2000-10-23
1608,2000-10-27,2000-10-30
1609,2000-11-03,2000-11-06
1610,2000-11-10,2000-11-13
1611,2000-11-17,2000-11-20
1612,2000-11-24,2000-11-27
1613,2000-12-01,2000-12-04
1614,2000-12-08,2000-12-11
1615,2000-12-15,2000-12-18
1616,2000-12-22,2000-12-25
1617,2000-12-29,2001-01-01
1618,2001-01-05,2001-01-08
1619,2001-01-12,2001-01-15
1620,2001-01-19,2001-01-22
1621,2001-01-26,2001-01-29
1622,2001-02-02,2001-02-05
1623,2001-02-09,2001-02-12
1624,2001-02-16,2001-02-19
1625,2001-02-23,2001-02-26
1626,2001-03-02,2001-03-05
1627,2001-03-09,2001-03-12
1628,2001-03-16,2001-03-19
1629,2001-03-23,2001-03-26
1630,2001-03-30,2001-04-02
1631,2001-04-06,2001-04-09
1632,2001-04-13,2001-04-16
1633,2001-04-20,2001-04-23
1634,2001-04-27,2001-04-30
1635,2001-05-04,2001-05-07
1636,2001-05-11,2001-05-14
1637,2001-05-18,2001-05-21
1638,2001-05-25,2001-05-28
1639,2001-06-01,2001-06-04
1640,2001-06-08,2001-06-11
1641,2001-06-15,2001-06-18
1642,2001-06-22,2001-06-25
1643,2001-06-29,2001-07-02
1644,2001-07-06,2001-07-09
1645,2001-07-13,2001-07-16
1646,2001-07-20,2001-07-23
1647,2001-07-27,2001-07-30
1648,2001-08-03,2001-08-06
1649,2001-08-10,2001-08-13
1650,2001-08-17,2001-08-20
1651,2001-08-24,2001-08-27
1652,2001-08-31,2001-09-03
1653,2001-09-07,2001-09-10
1654,2001-09-14,2001-09-17
1655,2001-09-21,2001-09-24
1656,2001-09-28,2001-10-01
1657,2001-10-05,2001-10-08
1658,2001-10-12,2001-10-15
1659,2001-10-19,2001-10-22
1660,2001-10-26,2001-10-29
1661,2001-11-02,2001-11-05
1662,2001-11-09,2001-11-12
1663,2001-11-16,2001-11-19
1664,2001-11-23,2001-11-26
1665,2001-11-30,2001-12-03
1666,2001-12-07,2001-12-10
1667,2001-12-14,2001-12-17
1668,2001-12-21,2001-12-24
1669,2001-12-28,2001-12-31
1670,2002-01-04,2002-01-07
1671,2002-01-11,2002-01-14
1672,2002-01-18,2002-01-21
1673,2002-01-25,2002-01-28
1674,2002-02-01,2002-02-04
1675,2002-02-08,2002-02-11
1676,2002-02-15,2002-02-18
1677,2002-02-22,2002-02-25
1678,2002-03-01,2002-03-04
1679,2002-03-08,2002-03-11
1680,2002-03-15,2002-03-18
1681,2002-03-22,2002-03-25
1682,2002-03-29,2002-04-01
1683,2002-04-05,2002-04-08
1684,2002-04-12,2002-04-15
1685,2002-04-19,2002-04-22
1686,2002-04-26,2002-04-29
1687,2002-05-03,2002-05-06
1688,2002-05-10,2002-05-13
1689,2002-05-17,2002-05-20
1690,2002-05-24,2002-05-27
1691,2002-05-31,2002-06-03
1692,2002-06-07,2002-06-10
1693,2002-06-14,2002-06-17
1694,2002-06-21,2002-06-24
1695,2002-06-28,2002-07-01
1696,2002-07-05,2002-07-08
1697,2002-07-12,2002-07-15
1698,2002-07-19,2002-07-22
1699,2002-07-26,2002-07-29
1700,2002-08-02,2002-08-05
1701,2002-08-09,2002-08-12
1702,2002-08-16,2002-08-19
1703,2002-08-23,2002-08-26
1704,2002-08-30,2002-09-02
1705,2002-09-06,2002-09-09
1706,2002-09-13,2002-09-16
1707,2002-09-20,2002-09-23
1708,2002-09-27,2002-09-30
1709,2002-10-04,2002-10-07
1710,2002-10-11,2002-10-14
1711,2002-10-18,2002-10-21
1712,2002-10-25,2002-10-28
1713,2002-11-01,2002-11-04
1714,2002-11-08,2002-11-11
1715,2002-11-15,2002-11-18
1716,2002-11-22,2002-11-25
1717,2002-11-29,2002-12-02
1718,2002-12-06,2002-12-09
1719,2002-12-13,2002-12-16
1720,2002-12-20,2002-12-23
1721,2002-12-27,2002-12-30
1722,2003-01-03,2003-01-06
1723,2003-01-10,2003-01-13
1724,2003-01-17,2003-01-20
1725,2003-01-24,2003-01-27
1726,2003-01-31,2003-02-03
1727,2003-02-07,2003-02-10
1728,2003-02-14,2003-02-17
1729,2003-02-21,2003-02-24
1730,2003-02-28,2003-03-03
1731,2003-03-07,2003-03-10
1732,2003-03-14,2003-03-17
1733,2003-03-21,2003-03-24
1734,2003-03-28,2003-03-31
1735,2003-04-04,2003-04-07
1736,2003-04-11,2003-04-14
1737,2003-04-18,2003-04-21
1738,2003-04-25,2003-04-28
1739,2003-05-02,2003-05-05
1740,2003-05-09,2003-05-12
1741,2003-05-16,2003-05-19
1742,2003-05-23,2003-05-26
1743,2003-05-30,2003-06-02
1744,2003-06-06,2003-06-09
1745,2003-06-13,2003-06-16
1746,2003-06-20,2003-06-23
1747,2003-06-27,2003-06-30
1748,2003-07-04,2003-07-07
1749,2003-07-11,2003-07-14
1750,2003-07-18,2003-07-21
1751,2003-07-25,2003-07-28
1752,2003-08-01,2003-08-04
1753,2003-08-08,2003-08-11
1754,2003-08-15,2003-08-18
1755,2003-08-22,2003-08-25
1756,2003-08-29,2003-09-01
1757,2003-09-05,2003-09-08
1758,2003-09-12,2003-09-15
1759,2003-09-19,2003-09-22
1760,2003-09-26,2003-09-29
1761,2003-10-03,2003-10-06
1762,2003-10-10,2003-10-13
1763,2003-10-17,2003-10-20
1764,2003-10-24,2003-10-27
1765,2003-10-31,2003-11-03
1766,2003-11-07,2003-11-10
1767,2003-11-14,2003-11-17
1768,2003-11-21,2003-11-24
1769,2003-11-28,2003-12-01
1770,2003-12-05,2003-12-08
1771,2003-12-12,2003-12-15
1772,2003-12-19,2003-12-22
1773,2003-12-26,2003-12-29
1774,2004-01-02,2004-01-05
1775,2004-01-09,2004-01-12
1776,2004-01-16,2004-01-19
1777,2004-01-23,2004-01-26
1778,2004-01-30,2004-02-02
1779,2004-02-06,2004-02-09
1780,2004-02-13,2004-02-16
1781,2004-02-20,2004-02-23
1782,2004-02-27,2004-03-01
1783,2004-03-05,2004-03-08
1784,2004-03-12,2004-03-15
1785,2004-03-19,2004-03-22
1786,2004-03-26,2004-03-29
1787,2004-04-02,2004-04-05
1788,2004-04-09,2004-04-12
1789,2004-04-16,2004-04-19
1790,2004-04-23,2004-04-26
1791,2004-04-30,2004-05-03
1792,2004-05-07,2004-05-10
1793,2004-05-14,2004-05-17
1794,2004-05-21,2004-05-24
1795,2004-05-28,2004-05-31
1796,2004-06-04,2004-06-07
1797,2004-06-11,2004-06-14
1798,2004-06-18,2004-06-21
1799,2004-06-25,2004-06-28
1800,2004-07-02,2004-07-05
1801,2004-07-09,2004-07-12
1802,2004-07-16,2004-07-19
1803,2004-07-23,2004-07-26
1804,2004-07-30,2004-08-02
1805,2004-08-06,2004-08-09
1806,2004-08-13,2004-08-16
1807,2004-08-20,2004-08-23
1808,2004-08-27,2004-08-30
1809,2004-09-03,2004-09-06
1810,2004-09-10,2004-09-13
1811,2004-09-17,2004-09-20
1812,2004-09-24,2004-09-27
1813,2004-10-01,2004-10-04
1814,2004-10-08,2004-10-11
1815,2004-10-15,2004-10-18
1816,2004-10-22,2004-10-25
1817,2004-10-29,2004-11-01
1818,2004-11-05,2004-11-08
1819,2004-11-12,2004-11-15
1820,2004-11-19,2004-11-22
1821,2004-11-26,2004-11-29
1822,2004-12-03,2004-12-06
1823,2004-12-10,2004-12-13
1824,2004-12-17,2004-12-20
1825,2004-12-24,2004-12-27
1826,2004-12-31,2005-01-03
1827,2005-01-07,2005-01-10
1828,2005-01-14,2005-01-17
1829,2005-01-21,2005-01-24
1830,2005-01-28,2005-01-31
1831,2005-02-04,2005-02-07
1832,2005-02-11,2005-02-14
1833,2005-02-18,2005-02-21
1834,2005-02-25,2005-02-28
1835,2005-03-04,2005-03-07
1836,2005-03-11,2005-03-14
1837,2005-03-18,2005-03-21
1838,2005-03-25,2005-03-28
1839,2005-04-01,2005-04-04
1840,2005-04-08,2005-04-11
1841,2005-04-15,2005-04-18
1842,2005-04-22,2005-04-25
1843,2005-04-29,2005-05-02
1844,2005-05-06,2005-05-09
1845,2005-05-13,2005-05-16
1846,2005-05-20,2005-05-23
1847,2005-05-27,2005-05-30
1848,2005-06-03,2005-06-06
1849,2005-06-10,2005-06-13
1850,2005-06-17,2005-06-20
1851,2005-06-24,2005-06-27
1852,2005-07-01,2005-07-04
1853,2005-07-08,2005-07-11
1854,2005-07-15,2005-07-18
1855,2005-07-22,2005-07-25
1856,2005-07-29,2005-08-01
1857,2005-08-05,2005-08-08
1858,2005-08-12,2005-08-15
1859,2005-08-19,2005-08-22
1860,2005-08-26,2005-08-29
1861,2005-09-02,2005-09-05
1862,2005-09-09,2005-09-12
1863,2005-09-16,2005-09-19
1864,2005-09-23,2005-09-26
1865,2005-09-30,2005-10-03
1866,2005-10-07,2005-10-10
1867,2005-10-14,2005-10-17
1868,2005-10-21,2005-10-24
1869,2005-10-28,2005-10-31
1870,2005-11-04,2005-11-07
1871,2005-11-11,2005-11-14
1872,2005-11-18,2005-11-21
1873,2005-11-25,2005-11-28
1874,2005-12-02,2005-12-05
1875,2005-12-09,2005-12-12
1876,2005-12-16,2005-12-19
1877,2005-12-23,2005-12-26
1878,2005-12-30,2006-01-02
1879,2006-01-06,2006-01-09
1880,2006-01-13,2006-01-16
1881,2006-01-20,2006-01-23
1882,2006-01-27,2006-01-30
1883,2006-02-03,2006-02-06
1884,2006-02-10,2006-02-13
1885,2006-02-17,2006-02-20
1886,2006-02-24,2006-02-27
1887,2006-03-03,2006-03-06
1888,2006-03-10,2006-03-13
1889,2006-03-17,2006-03-20
1890,2006-03-24,2006-03-27
1891,2006-03-31,2006-04-03
1892,2006-04-07,2006-04-10
1893,2006-04-14,2006-04-17
1894,2006-04-21,2006-04-24
1895,2006-04-28,2006-05-01
1896,2006-05-05,2006-05-08
1897,2006-05-12,2006-05-15
1898,2006-05-19,2006-05-22
1899,2006-05-26,2006-05-29
1900,2006-06-02,2006-06-05
1901,2006-06-09,2006-06-12
1902,2006-06-16,2006-06-19
1903,2006-06-23,2006-06-26
1904,2006-06-30,2006-07-03
1905,2006-07-07,2006-07-10
1906,2006-07-14,2006-07-17
1907,2006-07-21,2006-07-24
1908,2006-07-28,2006-07-31
1909,2006-08-04,2006-08-07
1910,2006-08-11,2006-08-14
1911,2006-08-18,2006-08-21
1912,2006-08-25,2006-08-28
1913,2006-09-01,2006-09-04
1914,2006-09-08,2006-09-11
1915,2006-09-15,2006-09-18
1916,2006-09-22,2006-09-25
1917,2006-09-29,2006-10-02
1918,2006-10-06,2006-10-09
1919,2006-10-13,2006-10-16
1920,2006-10-20,2006-10-23
1921,2006-10-27,2006-10-30
1922,2006-11-03,2006-11-06
1923,2006-11-10,2006-11-13
1924,2006-11-17,2006-11-20
1925,2006-11-24,2006-11-27
1926,2006-12-01,2006-12-04
1927,2006-12-08,2006-12-11
1928,2006-12-15,2006-12-18
1929,2006-12-22,2006-12-25
1930,2006-12-29,2007-01-01
1931,2007-01-05,2007-01-08
1932,2007-01-12,2007-01-15
1933,2007-01-19,2007-01-22
1934,2007-01-26,2007-01-29
1935,2007-02-02,2007-02-05
1936,2007-02-09,2007-02-12
1937,2007-02-16,2007-02-19
1938,2007-02-23,2007-02-26
1939,2007-03-02,2007-03-05
1940,2007-03-09,2007-03-12
1941,2007-03-16,2007-03-19
1942,2007-03-23,2007-03-26
1943,2007-03-30,2007-04-02
1944,2007-04-06,2007-04-09
1945,2007-04-13,2007-04-16
1946,2007-04-20,2007-04-23
1947,2007-04-27,2007-04-30
1948,2007-05-04,2007-05-07
1949,2007-05-11,2007-05-14
1950,2007-05-18,2007-05-21
1951,2007-05-25,2007-05-28
1952,2007-06-01,2007-06-04
1953,2007-06-08,2007-06-11
1954,2007-06-15,2007-06-18
1955,2007-06-22,2007-06-25
1956,2007-06-29,2007-07-02
1957,2007-07-06,2007-07-09
1958,2007-07-13,2007-07-16
1959,2007-07-20,2007-07-23
1960,2007-07-27,2007-07-30
1961,2007-08-03,2007-08-06
1962,2007-08-10,2007-08-13
1963,2007-08-17,2007-08-20
1964,2007-08-24,2007-08-27
1965,2007-08-31,2007-09-03
1966,2007-09-07,2007-09-10
1967,2007-09-14,2007-09-17
1968,2007-09-21,2007-09-24
1969,2007-09-28,2007-10-01
1970,2007-10-05,2007-10-08
1971,2007-10-12,2007-10-15
1972,2007-10-19,2007-10-22
1973,2007-10-26,2007-10-29
1974,2007-11-02,2007-11-05
1975,2007-11-09,2007-11-12
1976,2007-11-16,2007-11-19
1977,2007-11-23,2007-11-26
1978,2007-11-30,2007-12-03
1979,2007-12-07,2007-12-10
1980,2007-12-14,2007-12-17
1981,2007-12-21,2007-12-24
1982,2007-12-28,2007-12-31
1983,2008-01-04,2008-01-07
1984,2008-01-11,2008-01-14
1985,2008-01-18,2008-01-21
1986,2008-01-25,2008-01-28
1987,2008-02-01,2008-02-04
1988,2008-02-08,2008-02-11
1989,2008-02-15,2008-02-18
1990,2008-02-22,2008-02-25
1991,2008-02-29,2008-03-03
1992,2008-03-07,2008-03-10
1993,2008-03-14,2008-03-17
1994,2008-03-21,2008-03-24
1995,2008-03-28,2008-03-31
1996,2008-04-04,2008-04-07
1997,2008-04-11,2008-04-14
1998,2008-04-18,2008-04-21
1999,2008-04-25,2008-04-28
2000,2008-05-02,2008-05-05
2001,2008-05-09,2008-05-12
2002,2008-05-16,2008-05-19
2003,2008-05-23,2008-05-26
2004,2008-05-30,2008-06-02
2005,2008-06-06,2008-06-09
2006,2008-06-13,2008-06-16
2007,2008-06-20,2008-06-23
2008,2008-06-27,2008-06-30
2009,2008-07-04,2008-07-07
2010,2008-07-11,2008-07-14
2011,2008-07-18,2008-07-21
2012,2008-07-25,2008-07-28
2013,2008-08-01,2008-08-04
2014,2008-08-08,2008-08-11
2015,2008-08-15,2008-08-18
2016,2008-08-22,2008-08-25
2017,2008-08-29,2008-09-01
2018,2008-09-05,2008-09-08
2019,2008-09-12,2008-09-15
2020,2008-09-19,2008-09-22
2021,2008-09-26,2008-09-29
2022,2008-10-03,2008-10-06
2023,2008-10-10,2008-10-13
2024,2008-10-17,2008-10-20
2025,2008-10-24,2008-10-27
2026,2008-10-31,2008-11-03
2027,2008-11-07,2008-11-10
2028,2008-11-14,2008-11-17
2029,2008-11-21,2008-11-24
2030,2008-11-28,2008-12-01
2031,2008-12-05,2008-12-08
2032,2008-12-12,2008-12-15
2033,2008-12-19,2008-12-22
2034,2008-12-26,2008-12-29
2035,2009-01-02,2009-01-05
2036,2009-01-09,2009-01-12
2037,2009-01-16,2009-01-19
2038,2009-01-23,2009-01-26
2039,2009-01-30,2009-02-02
2040,2009-02-06,2009-02-09
2041,2009-02-13,2009-02-16
2042,2009-02-20,2009-02-23
2043,2009-02-27,2009-03-02
2044,2009-03-06,2009-03-09
2045,2009-03-13,2009-03-16
2046,2009-03-20,2009-03-23
2047,2009-03-27,2009-03-30
2048,2009-04-03,2009-04-06
2049,2009-04-10,2009-04-13
2050,2009-04-17,2009-04-20
2051,2009-04-24,2009-04-27
2052,2009-05-01,2009-05-04
2053,2009-05-08,2009-05-11
2054,2009-05-15,2009-05-18
2055,2009-05-22,2009-05-25
2056,2009-05-29,2009-06-01
2057,2009-06-05,2009-06-08
2058,2009-06-12,2009-06-15
2059,2009-06-19,2009-06-22
2060,2009-06-26,2009-06-29
2061,2009-07-03,2009-07-06
2062,2009-07-10,2009-07-13
2063,2009-07-17,2009-07-20
2064,2009-07-24,2009-07-27
2065,2009-07-31,2009-08-03
2066,2009-08-07,2009-08-10
2067,2009-08-14,2009-08-17
2068,2009-08-21,2009-08-24
2069,2009-08-28,2009-08-31
2070,2009-09-04,2009-09-07
2071,2009-09-11,2009-09-14
2072,2009-09-18,2009-09-21
2073,2009-09-25,2009-09-28
2074,2009-10-02,2009-10-05
2075,2009-10-09,2009-10-12
2076,2009-10-16,2009-10-19
2077,2009-10-23,2009-10-26
2078,2009-10-30,2009-11-02
2079,2009-11-06,2009-11-09
2080,2009-11-13,2009-11-16
2081,2009-11-20,2009-11-23
2082,2009-11-27,2009-11-30
2083,2009-12-04,2009-12-07
2084,2009-12-11,2009-12-14
2085,2009-12-18,2009-12-21
2086,2009-12-25,2009-12-28
2087,2010-01-01,2010-01-04
2088,2010-01-08,2010-01-11
2089,2010-01-15,2010-01-18
2090,2010-01-22,2010-01-25
2091,2010-01-29,2010-02-01
2092,2010-02-05,2010-02-08
2093,2010-02-12,2010-02-15
2094,2010-02-19,2010-02-22
2095,2010-02-26,2010-03-01
2096,2010-03-05,2010-03-08
2097,2010-03-12,2010-03-15
2098,2010-03-19,2010-03-22
2099,2010-03-26,2010-03-29
2100,2010-04-02,2010-04-05
2101,2010-04-09,2010-04-12
2102,2010-04-16,2010-04-19
2103,2010-04-23,2010-04-26
2104,2010-04-30,2010-05-03
2105,2010-05-07,2010-05-10
2106,2010-05-14,2010-05-17
2107,2010-05-21,2010-05-24
2108,2010-05-28,2010-05-31
2109,2010-06-04,2010-06-07
2110,2010-06-11,2010-06-14
2111,2010-06-18,2010-06-21
2112,2010-06-25,2010-06-28
2113,2010-07-02,2010-07-05
2114,2010-07-09,2010-07-12
2115,2010-07-16,2010-07-19
2116,2010-07-23,2010-07-26
2117,2010-07-30,2010-08-02
2118,2010-08-06,2010-08-09
2119,2010-08-13,2010-08-16
2120,2010-08-20,2010-08-23
2121,2010-08-27,2010-08-30
2122,2010-09-03,2010-09-06
2123,2010-09-10,2010-09-13
2124,2010-09-17,2010-09-20
2125,2010-09-24,2010-09-27
2126,2010-10-01,2010-10-04
2127,2010-10-08,2010-10-11
2128,2010-10-15,2010-10-18
2129,2010-10-22,2010-10-25
2130,2010-10-29,2010-11-01
2131,2010-11-05,2010-11-08
2132,2010-11-12,2010-11-15
2133,2010-11-19,2010-11-22
2134,2010-11-26,2010-11-29
2135,2010-12-03,2010-12-06
2136,2010-12-10,2010-12-13
2137,2010-12-17,2010-12-20
2138,2010-12-24,2010-12-27
2139,2010-12-31,2011-01-03
2140,2011-01-07,2011-01-10
2141,2011-01-14,2011-01-17
2142,2011-01-21,2011-01-24
2143,2011-01-28,2011-01-31
2144,2011-02-04,2011-02-07
2145,2011-02-11,2011-02-14
2146,2011-02-18,2011-02-21
2147,2011-02-25,2011-02-28
2148,2011-03-04,2011-03-07
2149,2011-03-11,2011-03-14
2150,2011-03-18,2011-03-21
2151,2011-03-25,2011-03-28
2152,2011-04-01,2011-04-04
2153,2011-04-08,2011-04-11
2154,2011-04-15,2011-04-18
2155,2011-04-22,2011-04-25
2156,2011-04-29,2011-05-02
2157,2011-05-06,2011-05-09
2158,2011-05-13,2011-05-16
2159,2011-05-20,2011-05-23
2160,2011-05-27,2011-05-30
2161,2011-06-03,2011-06-06
2162,2011-06-10,2011-06-13
2163,2011-06-17,2011-06-20
2164,2011-06-24,2011-06-27
2165,2011-07-01,2011-07-04
2166,2011-07-08,2011-07-11
2167,2011-07-15,2011-07-18
2168,2011-07-22,2011-07-25
2169,2011-07-29,2011-08-01
2170,2011-08-05,2011-08-08
2171,2011-08-12,2011-08-15
2172,2011-08-19,2011-08-22
2173,2011-08-26,2011-08-29
2174,2011-09-02,2011-09-05
2175,2011-09-09,2011-09-12
2176,2011-09-16,2011-09-19
2177,2011-09-23,2011-09-26
2178,2011-09-30,2011-10-03
2179,2011-10-07,2011-10-10
2180,2011-10-14,2011-10-17
2181,2011-10-21,2011-10-24
2182,2011-10-28,2011-10-31
2183,2011-11-04,2011-11-07
2184,2011-11-11,2011-11-14
2185,2011-11-18,2011-11-21
2186,2011-11-25,2011-11-28
2187,2011-12-02,2011-12-05
2188,2011-12-09,2011-12-12
2189,2011-12-16,2011-12-19
2190,2011-12-23,2011-12-26
2191,2011-12-30,2012-01-02
2192,2012-01-06,2012-01-09
2193,2012-01-13,2012-01-16
2194,2012-01-20,2012-01-23
2195,2012-01-27,2012-01-30
2196,2012-02-03,2012-02-06
2197,2012-02-10,2012-02-13
2198,2012-02-17,2012-02-20
2199,2012-02-24,2012-02-27
2200,2012-03-02,2012-03-05
2201,2012-03-09,2012-03-12
2202,2012-03-16,2012-03-19
2203,2012-03-23,2012-03-26
2204,2012-03-30,2012-04-02
2205,2012-04-06,2012-04-09
2206,2012-04-13,2012-04-16
2207,2012-04-20,2012-04-23
2208,2012-04-27,2012-04-30
2209,2012-05-04,2012-05-07
2210,2012-05-11,2012-05-14
2211,2012-05-18,2012-05-21
2212,2012-05-25,2012-05-28
2213,2012-06-01,2012-06-04
2214,2012-06-08,2012-06-11
2215,2012-06-15,2012-06-18
2216,2012-06-22,2012-06-25
2217,2012-06-29,2012-07-02
2218,2012-07-06,2012-07-09
2219,2012-07-13,2012-07-16
2220,2012-07-20,2012-07-23
2221,2012-07-27,2012-07-30
2222,2012-08-03,2012-08-06
2223,2012-08-10,2012-08-13
2224,2012-08-17,2012-08-20
2225,2012-08-24,2012-08-27
2226,2012-08-31,2012-09-03
2227,2012-09-07,2012-09-10
2228,2012-09-14,2012-09-17
2229,2012-09-21,2012-09-24
2230,2012-09-28,2012-10-01
2231,2012-10-05,2012-10-08
2232,2012-10-12,2012-10-15
2233,2012-10-19,2012-10-22
2234,2012-10-26,2012-10-29
2235,2012-11-02,2012-11-05
2236,2012-11-09,2012-11-12
2237,2012-11-16,2012-11-19
2238,2012-11-23,2012-11-26
2239,2012-11-30,2012-12-03
2240,2012-12-07,2012-12-10
2241,2012-12-14,2012-12-17
2242,2012-12-21,2012-12-24
2243,2012-12-28,2012-12-31
2244,2013-01-04,2013-01-07
2245,2013-01-11,2013-01-14
2246,2013-01-18,2013-01-21
2247,2013-01-25,2013-01-28
2248,2013-02-01,2013-02-04
2249,2013-02-08,2013-02-11
2250,2013-02-15,2013-02-18
2251,2013-02-22,2013-02-25
2252,2013-03-01,2013-03-04
2253,2013-03-08,2013-03-11
2254,2013-03-15,2013-03-18
2255,2013-03-22,2013-03-25
2256,2013-03-29,2013-04-01
2257,2013-04-05,2013-04-08
2258,2013-04-12,2013-04-15
2259,2013-04-19,2013-04-22
2260,2013-04-26,2013-04-29
2261,2013-05-03,2013-05-06
2262,2013-05-10,2013-05-13
2263,2013-05-17,2013-05-20
2264,2013-05-24,2013-05-27
2265,2013-05-31,2013-06-03
2266,2013-06-07,2013-06-10
2267,2013-06-14,2013-06-17
2268,2013-06-21,2013-06-24
2269,2013-06-28,2013-07-01
2270,2013-07-05,2013-07-08
2271,2013-07-12,2013-07-15
2272,2013-07-19,2013-07-22
2273,2013-07-26,2013-07-29
2274,2013-08-02,2013-08-05
2275,2013-08-09,2013-08-12
2276,2013-08-16,2013-08-19
2277,2013-08-23,2013-08-26
2278,2013-08-30,2013-09-02
2279,2013-09-06,2013-09-09
2280,2013-09-13,2013-09-16
2281,2013-09-20,2013-09-23
2282,2013-09-27,2013-09-30
2283,2013-10-04,2013-10-07
2284,2013-10-11,2013-10-14
2285,2013-10-18,2013-10-21
2286,2013-10-25,2013-10-28
2287,2013-11-01,2013-11-04
2288,2013-11-08,2013-11-11
2289,2013-11-15,2013-11-18
2290,2013-11-22,2013-11-25
2291,2013-11-29,2013-12-02
2292,2013-12-06,2013-12-09
2293,2013-12-13,2013-12-16
2294,2013-12-20,2013-12-23
2295,2013-12-27,2013-12-30
2296,2014-01-03,2014-01-06
2297,2014-01-10,2014-01-13
2298,2014-01-17,2014-01-20
2299,2014-01-24,2014-01-27
2300,2014-01-31,2014-02-03
2301,2014-02-07,2014-02-10
2302,2014-02-14,2014-02-17
2303,2014-02-21,2014-02-24
2304,2014-02-28,2014-03-03
2305,2014-03-07,2014-03-10
2306,2014-03-14,2014-03-17
2307,2014-03-21,2014-03-24
2308,2014-03-28,2014-03-31
2309,2014-04-04,2014-04-07
2310,2014-04-11,2014-04-14
2311,2014-04-18,2014-04-21
2312,2014-04-25,2014-04-28
2313,2014-05-02,2014-05-05
2314,2014-05-09,2014-05-12
2315,2014-05-16,2014-05-19
2316,2014-05-23,2014-05-26
2317,2014-05-30,2014-06-02
2318,2014-06-06,2014-06-09
2319,2014-06-13,2014-06-16
2320,2014-06-20,2014-06-23
2321,2014-06-27,2014-06-30
2322,2014-07-04,2014-07-07
2323,2014-07-11,2014-07-14
2324,2014-07-18,2014-07-21
2325,2014-07-25,2014-07-28
2326,2014-08-01,2014-08-04
2327,2014-08-08,2014-08-11
2328,2014-08-15,2014-08-18
2329,2014-08-22,2014-08-25
2330,2014-08-29,2014-09-01
2331,2014-09-05,2014-09-08
2332,2014-09-12,2014-09-15
2333,2014-09-19,2014-09-22
2334,2014-09-26,2014-09-29
2335,2014-10-03,2014-10-06
2336,2014-10-10,2014-10-13
2337,2014-10-17,2014-10-20
2338,2014-10-24,2014-10-27
2339,2014-10-31,2014-11-03
2340,2014-11-07,2014-11-10
2341,2014-11-14,2014-11-17
2342,2014-11-21,2014-11-24
2343,2014-11-28,2014-12-01
2344,2014-12-05,2014-12-08
2345,2014-12-12,2014-12-15
2346,2014-12-19,2014-12-22
2347,2014-12-26,2014-12-29
2348,2015-01-02,2015-01-05
2349,2015-01-09,2015-01-12
2350,2015-01-16,2015-01-19
2351,2015-01-23,2015-01-26
2352,2015-01-30,2015-02-02
2353,2015-02-06,2015-02-09
2354,2015-02-13,2015-02-16
2355,2015-02-20,2015-02-23
2356,2015-02-27,2015-03-02
2357,2015-03-06,2015-03-09
2358,2015-03-13,2015-03-16
2359,2015-03-20,2015-03-23
2360,2015-03-27,2015-03-30
2361,2015-04-03,2015-04-06
2362,2015-04-10,2015-04-13
2363,2015-04-17,2015-04-20
2364,2015-04-24,2015-04-27
2365,2015-05-01,2015-05-04
2366,2015-05-08,2015-05-11
2367,2015-05-15,2015-05-18
2368,2015-05-22,2015-05-25
2369,2015-05-29,2015-06-01
2370,2015-06-05,2015-06-08
2371,2015-06-12,2015-06-15
2372,2015-06-19,2015-06-22
2373,2015-06-26,2015-06-29
2374,2015-07-03,2015-07-06
2375,2015-07-10,2015-07-13
2376,2015-07-17,2015-07-20
2377,2015-07-24,2015-07-27
2378,2015-07-31,2015-08-03
2379,2015-08-07,2015-08-10
2380,2015-08-14,2015-08-17
2381,2015-08-21,2015-08-24
2382,2015-08-28,2015-08-31
2383,2015-09-04,2015-09-07
2384,2015-09-11,2015-09-14
2385,2015-09-18,2015-09-21
2386,2015-09-25,2015-09-28
2387,2015-10-02,2015-10-05
2388,2015-10-09,2015-10-12
2389,2015-10-16,2015-10-19
2390,2015-10-23,2015-10-26
2391,2015-10-30,2015-11-02
2392,2015-11-06,2015-11-09
2393,2015-11-13,2015-11-16
2394,2015-11-20,2015-11-23
2395,2015-11-27,2015-11-30
2396,2015-12-04,2015-12-07
2397,2015-12-11,2015-12-14
2398,2015-12-18,2015-12-21
2399,2015-12-25,2015-12-28
2400,2016-01-01,2016-01-04
2401,2016-01-08,2016-01-11
2402,2016-01-15,2016-01-18
2403,2016-01-22,2016-01-25
2404,2016-01-29,2016-02-01
2405,2016-02-05,2016-02-08
2406,2016-02-12,2016-02-15
2407,2016-02-19,2016-02-22
2408,2016-02-26,2016-02-29
2409,2016-03-04,2016-03-07
2410,2016-03-11,2016-03-14
2411,2016-03-18,2016-03-21
2412,2016-03-25,2016-03-28
2413,2016-04-01,2016-04-04
2414,2016-04-08,2016-04-11
2415,2016-04-15,2016-04-18
2416,2016-04-22,2016-04-25
2417,2016-04-29,2016-05-02
2418,2016-05-06,2016-05-09
2419,2016-05-13,2016-05-16
2420,2016-05-20,2016-05-23
2421,2016-05-27,2016-05-30
2422,2016-06-03,2016-06-06
2423,2016-06-10,2016-06-13
2424,2016-06-17,2016-06-20
2425,2016-06-24,2016-06-27
2426,2016-07-01,2016-07-04
2427,2016-07-08,2016-07-11
2428,2016-07-15,2016-07-18
2429,2016-07-22,2016-07-25
2430,2016-07-29,2016-08-01
2431,2016-08-05,2016-08-08
2432,2016-08-12,2016-08-15
2433,2016-08-19,2016-08-22
2434,2016-08-26,2016-08-29
2435,2016-09-02,2016-09-05
2436,2016-09-09,2016-09-12
2437,2016-09-16,2016-09-19
2438,2016-09-23,2016-09-26
2439,2016-09-30,2016-10-03
2440,2016-10-07,2016-10-10
2441,2016-10-14,2016-10-17
2442,2016-10-21,2016-10-24
2443,2016-10-28,2016-10-31
2444,2016-11-04,2016-11-07
2445,2016-11-11,2016-11-14
2446,2016-11-18,2016-11-21
2447,2016-11-25,2016-11-28
2448,2016-12-02,2016-12-05
2449,2016-12-09,2016-12-12
2450,2016-12-16,2016-12-19
2451,2016-12-23,2016-12-26
2452,2016-12-30,2017-01-02
2453,2017-01-06,2017-01-09
2454,2017-01-13,2017-01-16
2455,2017-01-20,2017-01-23
2456,2017-01-27,2017-01-30
2457,2017-02-03,2017-02-06
2458,2017-02-10,2017-02-13
2459,2017-02-17,2017-02-20
2460,2017-02-24,2017-02-27
2461,2017-03-03,2017-03-06
2462,2017-03-10,2017-03-13
2463,2017-03-17,2017-03-20
2464,2017-03-24,2017-03-27
2465,2017-03-31,2017-04-03
2466,2017-04-07,2017-04-10
2467,2017-04-14,2017-04-17
2468,2017-04-21,2017-04-24
2469,2017-04-28,2017-05-01
2470,2017-05-05,2017-05-08
2471,2017-05-12,2017-05-15
2472,2017-05-19,2017-05-22
2473,2017-05-26,2017-05-29
2474,2017-06-02,2017-06-05
2475,2017-06-09,2017-06-12
2476,2017-06-16,2017-06-19
2477,2017-06-23,2017-06-26
2478,2017-06-30,2017-07-03
2479,2017-07-07,2017-07-10
2480,2017-07-14,2017-07-17
2481,2017-07-21,2017-07-24
2482,2017-07-28,2017-07-31
2483,2017-08-04,2017-08-07
2484,2017-08-11,2017-08-14
2485,2017-08-18,2017-08-21
2486,2017-08-25,2017-08-28
2487,2017-09-01,2017-09-04
2488,2017-09-08,2017-09-11
2489,2017-09-15,2017-09-18
2490,2017-09-22,2017-09-25
2491,2017-09-29,2017-10-02
2492,2017-10-06,2017-10-09
2493,2017-10-13,2017-10-16
2494,2017-10-20,2017-10-23
2495,2017-10-27,2017-10-30
2496,2017-11-03,2017-11-06
2497,2017-11-10,2017-11-13
2498,2017-11-17,2017-11-20
2499,2017-11-24,2017-11-27
2500,2017-12-01,2017-12-04
2501,2017-12-08,2017-12-11
2502,2017-12-15,2017-12-18
2503,2017-12-22,2017-12-25
2504,2017-12-29,2018-01-01
2505,2018-01-05,2018-01-08
2506,2018-01-12,2018-01-15
2507,2018-01-19,2018-01-22
2508,2018-01-26,2018-01-29
2509,2018-02-02,2018-02-05
2510,2018-02-09,2018-02-12
2511,2018-02-16,2018-02-19
2512,2018-02-23,2018-02-26
2513,2018-03-02,2018-03-05
2514,2018-03-09,2018-03-12
2515,2018-03-16,2018-03-19
2516,2018-03-23,2018-03-26
2517,2018-03-30,2018-04-02
2518,2018-04-06,2018-04-09
2519,2018-04-13,2018-04-16
2520,2018-04-20,2018-04-23
2521,2018-04-27,2018-04-30
2522,2018-05-04,2018-05-07
2523,2018-05-11,2018-05-14
2524,2018-05-18,2018-05-21
2525,2018-05-25,2018-05-28
2526,2018-06-01,2018-06-04
2527,2018-06-08,2018-06-11
2528,2018-06-15,2018-06-18
2529,2018-06-22,2018-06-25
2530,2018-06-29,2018-07-02
2531,2018-07-06,2018-07-09
2532,2018-07-13,2018-07-16
2533,2018-07-20,2018-07-23
2534,2018-07-27,2018-07-30
2535,2018-08-03,2018-08-06
2536,2018-08-10,2018-08-13
2537,2018-08-17,2018-08-20
2538,2018-08-24,2018-08-27
2539,2018-08-31,2018-09-03
2540,2018-09-07,2018-09-10
2541,2018-09-14,2018-09-17
2542,2018-09-21,2018-09-24
2543,2018-09-28,2018-10-01
2544,2018-10-05,2018-10-08
2545,2018-10-12,2018-10-15
2546,2018-10-19,2018-10-22
2547,2018-10-26,2018-10-29
2548,2018-11-02,2018-11-05
2549,2018-11-09,2018-11-12
2550,2018-11-16,2018-11-19
2551,2018-11-23,2018-11-26
2552,2018-11-30,2018-12-03
2553,2018-12-07,2018-12-10
2554,2018-12-14,2018-12-17
2555,2018-12-21,2018-12-24
2556,2018-12-28,2018-12-31
